[{"model": "category.category", "pk": 1, "fields": {"name": "Shirt", "slug": "shirts", "description": "This shirt is made in India with love\r\nMaterial: Cotton", "image": "photos/categories/shirts.jpg"}}, {"model": "category.category", "pk": 2, "fields": {"name": "T shirt", "slug": "t-shirt", "description": "This T-Shirt is handcrafted in India with Love", "image": "photos/categories/tshirts.jpg"}}, {"model": "category.category", "pk": 3, "fields": {"name": "Shoes", "slug": "shoes", "description": "Shoes Description", "image": "photos/categories/shoes.png"}}, {"model": "category.category", "pk": 4, "fields": {"name": "Jeans", "slug": "jeans", "description": "Jeans Description", "image": "photos/categories/jeans.jpg"}}, {"model": "category.category", "pk": 5, "fields": {"name": "Jackets", "slug": "jackets", "description": "Jackets Description", "image": "photos/categories/jackets.jpg"}}, {"model": "accounts.account", "pk": 1, "fields": {"password": "pbkdf2_sha256$260000$SwDWMA3sH0CUAjmoNLQlRJ$tx7CTdb672HNdqcx5oIgk2BOburEP/wfV08h83tynng=", "first_name": "Shreya", "last_name": "Kapadia", "phone_number": "8849166573", "username": "shreyakapadia", "email": "shreyaprogrammer@gmail.com", "date_joined": "2021-06-30T14:38:29.891Z", "last_login": "2021-07-29T06:21:35.460Z", "is_admin": true, "is_staff": true, "is_active": true, "is_superadmin": true}}, {"model": "accounts.account", "pk": 14, "fields": {"password": "pbkdf2_sha256$260000$llSsVQfthfkBc35dsroAtF$fbrMaHR/ekjmumKm2alanECpG2GB+v/jEp0GH0tYjZw=", "first_name": "Shreya D.", "last_name": "Kapadia", "phone_number": "8849166571", "username": "shreyadkapadia10", "email": "shreyadkapadia10@gmail.com", "date_joined": "2021-07-19T07:37:18.706Z", "last_login": "2021-07-29T06:23:13.788Z", "is_admin": false, "is_staff": false, "is_active": true, "is_superadmin": false}}, {"model": "accounts.account", "pk": 16, "fields": {"password": "pbkdf2_sha256$260000$E3kibb22ToZBveFc5wu2nu$hTyFUBeIlFggCA9jhCsHfz1YDJDYuOp97HNCU/vd4Y0=", "first_name": "Shreya", "last_name": "Kapadia", "phone_number": "8849166573", "username": "shreyakapadia8", "email": "shreyakapadia8@gmail.com", "date_joined": "2021-07-26T10:14:09.446Z", "last_login": "2021-07-29T06:22:54.575Z", "is_admin": false, "is_staff": false, "is_active": true, "is_superadmin": false}}, {"model": "accounts.userprofile", "pk": 1, "fields": {"user": 14, "address_line_1": "5/1084, Hanuman Sheri", "address_line_2": "Gajjarfalia, Surat", "city": "Surat", "state": "Gujarat", "country": "India", "profile_picture": "userprofile/IMG-20191006-WA0010.jpg"}}, {"model": "accounts.userprofile", "pk": 2, "fields": {"user": 16, "address_line_1": "5/1084, Hanuman Sheri", "address_line_2": "Gajjarfalia, Surat", "city": "Surat", "state": "Gujarat", "country": "India", "profile_picture": "userprofile/Formal_Pic_fN344Xb.jpg"}}, {"model": "store.product", "pk": 1, "fields": {"name": "ATX Jeans", "slug": "atx-jeans", "description": "Lorem ipsum dolor sit amet, consectetur adipiscing elit. Mauris sit amet ex sit amet leo ultrices auctor. Aenean efficitur consectetur maximus. Cras libero est, hendrerit ac lorem eleifend, scelerisque auctor augue. Donec lacinia imperdiet facilisis. Nunc cursus, mi at tempus volutpat, enim nisl pharetra odio, id ultricies augue justo a libero.", "price": "199.00", "stock": 20, "images": "photos/products/ATX-Jeans_PHPvzQb.jpg", "is_available": true, "category": 4, "date_created": "2021-07-01T14:40:43.342Z", "date_modified": "2021-07-27T07:07:14.331Z"}}, {"model": "store.product", "pk": 2, "fields": {"name": "Mavi Jeans", "slug": "mavi-jeans", "description": "Aliquam vitae bibendum erat, sit amet malesuada diam. Fusce eget volutpat sapien. Nunc vel lacus id urna pharetra consectetur. Nulla ullamcorper et mi ut sodales. Sed ultrices, neque id auctor lobortis, lorem orci facilisis dolor, quis dapibus augue ex maximus libero.", "price": "159.00", "stock": 200, "images": "photos/products/Mavi_jeans.jpg", "is_available": true, "category": 4, "date_created": "2021-07-01T14:41:22.915Z", "date_modified": "2021-07-01T14:41:22.915Z"}}, {"model": "store.product", "pk": 3, "fields": {"name": "Blue Shirt", "slug": "blue-shirt", "description": "Etiam molestie congue efficitur. Donec imperdiet tincidunt magna quis rhoncus. Vestibulum et sapien suscipit, elementum neque at, blandit dolor. Nunc laoreet fringilla luctus. Sed sem lacus, fermentum et urna vitae, iaculis placerat lacus.", "price": "99.00", "stock": 96, "images": "photos/products/Blue-Shirt_xdcq5st.jpg", "is_available": true, "category": 1, "date_created": "2021-07-01T14:41:47.246Z", "date_modified": "2021-07-26T13:46:11.289Z"}}, {"model": "store.product", "pk": 4, "fields": {"name": "Great T Shirt", "slug": "great-t-shirt", "description": "Etiam molestie congue efficitur. Donec imperdiet tincidunt magna quis rhoncus. Vestibulum et sapien suscipit, elementum neque at, blandit dolor. Nunc laoreet fringilla luctus. Sed sem lacus, fermentum et urna vitae, iaculis placerat lacus.", "price": "59.00", "stock": 200, "images": "photos/products/Great-Tshirt_pab624o.jpg", "is_available": true, "category": 2, "date_created": "2021-07-01T14:42:11.404Z", "date_modified": "2021-07-01T14:42:11.404Z"}}, {"model": "store.product", "pk": 5, "fields": {"name": "Puma Ferrari Jeans", "slug": "puma-ferrari-jeans", "description": "Etiam molestie congue efficitur. Donec imperdiet tincidunt magna quis rhoncus. Vestibulum et sapien suscipit, elementum neque at, blandit dolor. Nunc laoreet fringilla luctus. Sed sem lacus, fermentum et urna vitae, iaculis placerat lacus.", "price": "149.00", "stock": 100, "images": "photos/products/Puma-Ferrari-Shoes_urqUkGi.jpg", "is_available": true, "category": 3, "date_created": "2021-07-01T14:42:30.974Z", "date_modified": "2021-07-01T14:57:21.928Z"}}, {"model": "store.product", "pk": 6, "fields": {"name": "Jordan Shoes", "slug": "jordan-shoes", "description": "Etiam molestie congue efficitur. Donec imperdiet tincidunt magna quis rhoncus. Vestibulum et sapien suscipit, elementum neque at, blandit dolor. Nunc laoreet fringilla luctus. Sed sem lacus, fermentum et urna vitae, iaculis placerat lacus.", "price": "229.00", "stock": 100, "images": "photos/products/jordan-true-flight-basketball-shoes.jpg", "is_available": true, "category": 3, "date_created": "2021-07-01T14:42:55.030Z", "date_modified": "2021-07-01T14:42:55.030Z"}}, {"model": "store.product", "pk": 7, "fields": {"name": "US Polo Assn Jacket", "slug": "us-polo-assn-jacket", "description": "Etiam molestie congue efficitur. Donec imperdiet tincidunt magna quis rhoncus. Vestibulum et sapien suscipit, elementum neque at, blandit dolor. Nunc laoreet fringilla luctus. Sed sem lacus, fermentum et urna vitae, iaculis placerat lacus.", "price": "199.00", "stock": 200, "images": "photos/products/US-Polo-Assn_Jacket_SWprMmH.jpg", "is_available": true, "category": 5, "date_created": "2021-07-01T14:43:17.559Z", "date_modified": "2021-07-01T14:43:17.559Z"}}, {"model": "store.product", "pk": 8, "fields": {"name": "Wrangler Shirt", "slug": "wrangler-shirt", "description": "Etiam molestie congue efficitur. Donec imperdiet tincidunt magna quis rhoncus. Vestibulum et sapien suscipit, elementum neque at, blandit dolor. Nunc laoreet fringilla luctus. Sed sem lacus, fermentum et urna vitae, iaculis placerat lacus.", "price": "99.00", "stock": 200, "images": "photos/products/Wrangler-Shirt_bHg1ZUp.jpg", "is_available": true, "category": 1, "date_created": "2021-07-01T14:43:37.063Z", "date_modified": "2021-07-01T14:43:37.063Z"}}, {"model": "store.product", "pk": 9, "fields": {"name": "Kavi Jeans", "slug": "kavi-jeans", "description": "Etiam molestie congue efficitur. Donec imperdiet tincidunt magna quis rhoncus. Vestibulum et sapien suscipit, elementum neque at, blandit dolor. Nunc laoreet fringilla luctus. Sed sem lacus, fermentum et urna vitae, iaculis placerat lacus.", "price": "119.00", "stock": 100, "images": "photos/products/image1_5xMuNP0.jpg", "is_available": true, "category": 4, "date_created": "2021-07-01T14:44:02.883Z", "date_modified": "2021-07-01T14:44:02.883Z"}}, {"model": "store.variation", "pk": 1, "fields": {"product": 1, "variation_category": "Color", "variation_value": "Navy Blue", "is_active": true, "date_created": "2021-07-13T13:32:07.394Z"}}, {"model": "store.variation", "pk": 2, "fields": {"product": 1, "variation_category": "Color", "variation_value": "Blue", "is_active": true, "date_created": "2021-07-13T13:32:17.170Z"}}, {"model": "store.variation", "pk": 3, "fields": {"product": 1, "variation_category": "Color", "variation_value": "Black", "is_active": true, "date_created": "2021-07-13T13:32:23.331Z"}}, {"model": "store.variation", "pk": 5, "fields": {"product": 1, "variation_category": "Size", "variation_value": "Small", "is_active": true, "date_created": "2021-07-14T11:16:30.668Z"}}, {"model": "store.variation", "pk": 6, "fields": {"product": 1, "variation_category": "Size", "variation_value": "Medium", "is_active": true, "date_created": "2021-07-14T11:16:37.993Z"}}, {"model": "store.variation", "pk": 7, "fields": {"product": 1, "variation_category": "Size", "variation_value": "Large", "is_active": true, "date_created": "2021-07-14T11:16:43.373Z"}}, {"model": "store.variation", "pk": 8, "fields": {"product": 3, "variation_category": "Color", "variation_value": "Blue", "is_active": true, "date_created": "2021-07-21T13:59:37.167Z"}}, {"model": "store.variation", "pk": 9, "fields": {"product": 3, "variation_category": "Size", "variation_value": "Medium", "is_active": true, "date_created": "2021-07-21T13:59:46.357Z"}}, {"model": "store.reviewrating", "pk": 2, "fields": {"user": 14, "product": 1, "subject": "Nice Product", "review": "Best", "rating": 3.5, "ip": "127.0.0.1", "status": true, "created_at": "2021-07-22T14:46:41.334Z", "updated_at": "2021-07-24T13:19:50.774Z"}}, {"model": "store.reviewrating", "pk": 4, "fields": {"user": 16, "product": 1, "subject": "Best Product", "review": "Loved the material and quality of jeans", "rating": 5.0, "ip": "127.0.0.1", "status": true, "created_at": "2021-07-29T06:22:33.083Z", "updated_at": "2021-07-29T06:22:33.083Z"}}, {"model": "store.productgallery", "pk": 1, "fields": {"product": 1, "image": "shop/product_images/image13.jpg"}}, {"model": "store.productgallery", "pk": 2, "fields": {"product": 1, "image": "shop/product_images/image2.jpg"}}, {"model": "store.productgallery", "pk": 3, "fields": {"product": 1, "image": "shop/product_images/image1.jpg"}}, {"model": "cart.cart", "pk": 27, "fields": {"cart_id": "g6bjzhoe9nusg9tsu313iphdrvrp2v3l", "date_added": "2021-07-21"}}, {"model": "cart.cart", "pk": 28, "fields": {"cart_id": "tn31t3c1tg610agz3d78ogi2fh65v80s", "date_added": "2021-07-21"}}, {"model": "cart.cart", "pk": 29, "fields": {"cart_id": "orga637y6d4f6t2lxrgpcvgqg9fzgk8g", "date_added": "2021-07-21"}}, {"model": "cart.cartitem", "pk": 76, "fields": {"user": null, "product": 1, "cart": 28, "quantity": 1, "is_active": true, "variations": [3, 6]}}, {"model": "cart.cartitem", "pk": 77, "fields": {"user": null, "product": 1, "cart": 29, "quantity": 1, "is_active": true, "variations": [2, 6]}}, {"model": "cart.cartitem", "pk": 95, "fields": {"user": 14, "product": 1, "cart": null, "quantity": 1, "is_active": true, "variations": [1, 6]}}, {"model": "orders.payment", "pk": 7, "fields": {"user": 14, "payment_id": "5LB006410S8366815", "payment_method": "PayPal", "amount_paid": "608.94", "status": "COMPLETED", "created_at": "2021-07-21T13:43:54.249Z"}}, {"model": "orders.payment", "pk": 8, "fields": {"user": 14, "payment_id": "6WS49260X96460808", "payment_method": "PayPal", "amount_paid": "608.94", "status": "COMPLETED", "created_at": "2021-07-21T13:52:00.179Z"}}, {"model": "orders.payment", "pk": 9, "fields": {"user": 14, "payment_id": "12N04397PT7155021", "payment_method": "PayPal", "amount_paid": "608.94", "status": "COMPLETED", "created_at": "2021-07-21T13:54:16.099Z"}}, {"model": "orders.payment", "pk": 10, "fields": {"user": 14, "payment_id": "1S3901726U959163C", "payment_method": "PayPal", "amount_paid": "608.94", "status": "COMPLETED", "created_at": "2021-07-21T13:56:47.243Z"}}, {"model": "orders.payment", "pk": 11, "fields": {"user": 14, "payment_id": "1LK107774C555232J", "payment_method": "PayPal", "amount_paid": "608.94", "status": "COMPLETED", "created_at": "2021-07-21T13:58:02.933Z"}}, {"model": "orders.payment", "pk": 12, "fields": {"user": 14, "payment_id": "5MB83339K16456140", "payment_method": "PayPal", "amount_paid": "608.94", "status": "COMPLETED", "created_at": "2021-07-21T14:00:11.827Z"}}, {"model": "orders.payment", "pk": 13, "fields": {"user": 14, "payment_id": "24L16645Y00606223", "payment_method": "PayPal", "amount_paid": "608.94", "status": "COMPLETED", "created_at": "2021-07-21T14:45:44.165Z"}}, {"model": "orders.payment", "pk": 14, "fields": {"user": 14, "payment_id": "0F381320D43521841", "payment_method": "PayPal", "amount_paid": "608.94", "status": "COMPLETED", "created_at": "2021-07-21T14:47:34.541Z"}}, {"model": "orders.payment", "pk": 15, "fields": {"user": 14, "payment_id": "83C11855UL231323W", "payment_method": "PayPal", "amount_paid": "100.98", "status": "COMPLETED", "created_at": "2021-07-21T14:53:03.806Z"}}, {"model": "orders.payment", "pk": 16, "fields": {"user": 14, "payment_id": "6M328393MA302210F", "payment_method": "PayPal", "amount_paid": "100.98", "status": "COMPLETED", "created_at": "2021-07-21T14:55:23.611Z"}}, {"model": "orders.payment", "pk": 17, "fields": {"user": 14, "payment_id": "6AY18824YW393634F", "payment_method": "PayPal", "amount_paid": "405.96", "status": "COMPLETED", "created_at": "2021-07-21T14:58:13.756Z"}}, {"model": "orders.payment", "pk": 18, "fields": {"user": 14, "payment_id": "89N228114U455215U", "payment_method": "PayPal", "amount_paid": "405.96", "status": "COMPLETED", "created_at": "2021-07-21T15:06:20.389Z"}}, {"model": "orders.payment", "pk": 19, "fields": {"user": 14, "payment_id": "8BM50511JP473383H", "payment_method": "PayPal", "amount_paid": "405.96", "status": "COMPLETED", "created_at": "2021-07-22T11:04:43.521Z"}}, {"model": "orders.payment", "pk": 20, "fields": {"user": 14, "payment_id": "6FU301921P8594037", "payment_method": "PayPal", "amount_paid": "597.0", "status": "COMPLETED", "created_at": "2021-07-22T11:21:13.088Z"}}, {"model": "orders.payment", "pk": 21, "fields": {"user": 14, "payment_id": "54G30246L4428851T", "payment_method": "PayPal", "amount_paid": "199.0", "status": "COMPLETED", "created_at": "2021-07-22T11:23:17.634Z"}}, {"model": "orders.payment", "pk": 22, "fields": {"user": 14, "payment_id": "8AT55454MC5541901", "payment_method": "PayPal", "amount_paid": "202.98", "status": "COMPLETED", "created_at": "2021-07-22T11:24:48.053Z"}}, {"model": "orders.payment", "pk": 23, "fields": {"user": 14, "payment_id": "8E325689WE761872N", "payment_method": "PayPal", "amount_paid": "202.98", "status": "COMPLETED", "created_at": "2021-07-22T15:02:14.273Z"}}, {"model": "orders.payment", "pk": 24, "fields": {"user": 14, "payment_id": "1SF36822P75435106", "payment_method": "PayPal", "amount_paid": "202.98", "status": "COMPLETED", "created_at": "2021-07-22T15:06:25.221Z"}}, {"model": "orders.payment", "pk": 25, "fields": {"user": 14, "payment_id": "54R20256N7639354N", "payment_method": "PayPal", "amount_paid": "405.96", "status": "COMPLETED", "created_at": "2021-07-26T09:53:45.387Z"}}, {"model": "orders.payment", "pk": 26, "fields": {"user": 14, "payment_id": "63E22282903995248", "payment_method": "PayPal", "amount_paid": "405.96", "status": "COMPLETED", "created_at": "2021-07-26T13:17:42.291Z"}}, {"model": "orders.payment", "pk": 27, "fields": {"user": 14, "payment_id": "2MY22941100658013", "payment_method": "PayPal", "amount_paid": "607.92", "status": "COMPLETED", "created_at": "2021-07-26T13:46:10.790Z"}}, {"model": "orders.payment", "pk": 28, "fields": {"user": 14, "payment_id": "3AM15318VF119091X", "payment_method": "PayPal", "amount_paid": "1014.9", "status": "COMPLETED", "created_at": "2021-07-26T13:59:12.898Z"}}, {"model": "orders.order", "pk": 70, "fields": {"user": 14, "payment": 24, "order_number": "2021072270", "first_name": "Shreya", "last_name": "Kapadia", "phone": "8849166573", "email": "shreyaprogrammer@gmail.com", "address_line_1": "5/1084, Hanuman Sheri", "address_line_2": "Gajjarfalia, Surat", "country": "India", "state": "Gujarat", "city": "Surat", "order_note": "My Note", "order_total": 202.98, "tax": 3.98, "status": "New", "ip": "127.0.0.1", "is_ordered": true, "created_at": "2021-07-22T15:06:09.655Z", "updated_at": "2021-07-22T15:06:25.289Z"}}, {"model": "orders.order", "pk": 71, "fields": {"user": 14, "payment": null, "order_number": "2021072471", "first_name": "Shreya", "last_name": "Kapadia", "phone": "8849166573", "email": "shreyaprogrammer@gmail.com", "address_line_1": "5/1084, Hanuman Sheri", "address_line_2": "Gajjarfalia, Surat", "country": "India", "state": "Gujarat", "city": "Surat", "order_note": "", "order_total": 405.96, "tax": 7.96, "status": "New", "ip": "127.0.0.1", "is_ordered": false, "created_at": "2021-07-24T14:07:02.847Z", "updated_at": "2021-07-24T14:07:03.099Z"}}, {"model": "orders.order", "pk": 72, "fields": {"user": 14, "payment": 25, "order_number": "2021072672", "first_name": "Shreya", "last_name": "Kapadia", "phone": "8849166573", "email": "shreyaprogrammer@gmail.com", "address_line_1": "5/1084, Hanuman Sheri", "address_line_2": "Gajjarfalia, Surat", "country": "India", "state": "Gujarat", "city": "Surat", "order_note": "", "order_total": 405.96, "tax": 7.96, "status": "New", "ip": "127.0.0.1", "is_ordered": true, "created_at": "2021-07-26T09:52:38.619Z", "updated_at": "2021-07-26T09:53:45.508Z"}}, {"model": "orders.order", "pk": 73, "fields": {"user": 14, "payment": null, "order_number": "2021072673", "first_name": "Shreya", "last_name": "Kapadia", "phone": "8849166573", "email": "shreyaprogrammer@gmail.com", "address_line_1": "5/1084, Hanuman Sheri", "address_line_2": "Gajjarfalia, Surat", "country": "India", "state": "Gujarat", "city": "Surat", "order_note": "", "order_total": 405.96, "tax": 7.96, "status": "New", "ip": "127.0.0.1", "is_ordered": false, "created_at": "2021-07-26T13:12:28.553Z", "updated_at": "2021-07-26T13:12:28.673Z"}}, {"model": "orders.order", "pk": 74, "fields": {"user": 14, "payment": 26, "order_number": "2021072674", "first_name": "Shreya", "last_name": "Kapadia", "phone": "8849166573", "email": "shreyaprogrammer@gmail.com", "address_line_1": "5/1084, Hanuman Sheri", "address_line_2": "Gajjarfalia, Surat", "country": "India", "state": "Gujarat", "city": "Surat", "order_note": "", "order_total": 405.96, "tax": 7.96, "status": "New", "ip": "127.0.0.1", "is_ordered": true, "created_at": "2021-07-26T13:16:33.544Z", "updated_at": "2021-07-26T13:17:42.400Z"}}, {"model": "orders.order", "pk": 75, "fields": {"user": 14, "payment": null, "order_number": "2021072675", "first_name": "Shreya", "last_name": "Kapadia", "phone": "8849166573", "email": "shreyaprogrammer@gmail.com", "address_line_1": "5/1084, Hanuman Sheri", "address_line_2": "Gajjarfalia, Surat", "country": "India", "state": "Gujarat", "city": "Surat", "order_note": "", "order_total": 607.92, "tax": 11.92, "status": "New", "ip": "127.0.0.1", "is_ordered": false, "created_at": "2021-07-26T13:37:45.908Z", "updated_at": "2021-07-26T13:37:46.030Z"}}, {"model": "orders.order", "pk": 76, "fields": {"user": 14, "payment": null, "order_number": "2021072676", "first_name": "Shreya", "last_name": "Kapadia", "phone": "8849166573", "email": "shreyaprogrammer@gmail.com", "address_line_1": "5/1084, Hanuman Sheri", "address_line_2": "Gajjarfalia, Surat", "country": "India", "state": "Gujarat", "city": "Surat", "order_note": "", "order_total": 607.92, "tax": 11.92, "status": "New", "ip": "127.0.0.1", "is_ordered": false, "created_at": "2021-07-26T13:38:40.971Z", "updated_at": "2021-07-26T13:38:41.083Z"}}, {"model": "orders.order", "pk": 77, "fields": {"user": 14, "payment": 27, "order_number": "2021072677", "first_name": "Shreya", "last_name": "Kapadia", "phone": "8849166573", "email": "shreyaprogrammer@gmail.com", "address_line_1": "5/1084, Hanuman Sheri", "address_line_2": "Gajjarfalia, Surat", "country": "India", "state": "Gujarat", "city": "Surat", "order_note": "", "order_total": 607.92, "tax": 11.92, "status": "New", "ip": "127.0.0.1", "is_ordered": true, "created_at": "2021-07-26T13:45:36.782Z", "updated_at": "2021-07-26T13:46:10.882Z"}}, {"model": "orders.order", "pk": 78, "fields": {"user": 14, "payment": 28, "order_number": "2021072678", "first_name": "Harshil", "last_name": "Kapadia", "phone": "8849166573", "email": "harshil@gmail.com", "address_line_1": "5/1084, Hanuman Sheri", "address_line_2": "Gajjarfalia, Surat", "country": "India", "state": "Gujarat", "city": "Surat", "order_note": "Sister's gift", "order_total": 1014.9, "tax": 19.9, "status": "New", "ip": "127.0.0.1", "is_ordered": true, "created_at": "2021-07-26T13:58:33.948Z", "updated_at": "2021-07-26T13:59:12.978Z"}}, {"model": "orders.orderproduct", "pk": 25, "fields": {"order": 70, "payment": 24, "user": 14, "product": 1, "quantity": 1, "product_price": 199.0, "ordered": true, "created_at": "2021-07-22T15:06:25.372Z", "updated_at": "2021-07-22T15:06:25.545Z", "variations": [2, 6]}}, {"model": "orders.orderproduct", "pk": 26, "fields": {"order": 72, "payment": 25, "user": 14, "product": 1, "quantity": 2, "product_price": 199.0, "ordered": true, "created_at": "2021-07-26T09:53:45.599Z", "updated_at": "2021-07-26T09:53:46.140Z", "variations": [1, 6]}}, {"model": "orders.orderproduct", "pk": 27, "fields": {"order": 74, "payment": 26, "user": 14, "product": 1, "quantity": 2, "product_price": 199.0, "ordered": true, "created_at": "2021-07-26T13:17:42.494Z", "updated_at": "2021-07-26T13:17:42.732Z", "variations": [2, 6]}}, {"model": "orders.orderproduct", "pk": 28, "fields": {"order": 77, "payment": 27, "user": 14, "product": 3, "quantity": 2, "product_price": 99.0, "ordered": true, "created_at": "2021-07-26T13:46:10.969Z", "updated_at": "2021-07-26T13:46:11.161Z", "variations": [8, 9]}}, {"model": "orders.orderproduct", "pk": 29, "fields": {"order": 77, "payment": 27, "user": 14, "product": 1, "quantity": 1, "product_price": 199.0, "ordered": true, "created_at": "2021-07-26T13:46:11.531Z", "updated_at": "2021-07-26T13:46:11.840Z", "variations": [3, 6]}}, {"model": "orders.orderproduct", "pk": 30, "fields": {"order": 77, "payment": 27, "user": 14, "product": 1, "quantity": 1, "product_price": 199.0, "ordered": true, "created_at": "2021-07-26T13:46:12.079Z", "updated_at": "2021-07-26T13:46:12.261Z", "variations": [2, 6]}}, {"model": "orders.orderproduct", "pk": 31, "fields": {"order": 78, "payment": 28, "user": 14, "product": 1, "quantity": 5, "product_price": 199.0, "ordered": true, "created_at": "2021-07-26T13:59:13.148Z", "updated_at": "2021-07-26T13:59:13.428Z", "variations": [2, 7]}}, {"model": "admin_honeypot.loginattempt", "pk": 1, "fields": {"username": "shreyaprogrammer@gmail.com", "ip_address": "127.0.0.1", "session_key": "f6ms1l3h4kdsbl0kgpydo3xq16y05ofv", "user_agent": "Mozilla/5.0 (Windows NT 10.0; Win64; x64) AppleWebKit/537.36 (KHTML, like Gecko) Chrome/92.0.4515.115 Safari/537.36", "timestamp": "2021-07-29T06:01:59.575Z", "path": "/admin/login/?next=/admin/"}}, {"model": "admin_honeypot.loginattempt", "pk": 2, "fields": {"username": "admin", "ip_address": "127.0.0.1", "session_key": "f6ms1l3h4kdsbl0kgpydo3xq16y05ofv", "user_agent": "Mozilla/5.0 (Windows NT 10.0; Win64; x64) AppleWebKit/537.36 (KHTML, like Gecko) Chrome/92.0.4515.115 Safari/537.36", "timestamp": "2021-07-29T06:02:11.772Z", "path": "/admin/login/?next=/admin/"}}, {"model": "admin.logentry", "pk": 1, "fields": {"action_time": "2021-06-30T14:39:03.306Z", "user": 1, "content_type": 2, "object_id": "1", "object_repr": "shreyaprogrammer@gmail.com - Shreya Kapadia", "action_flag": 2, "change_message": "[{\"changed\": {\"fields\": [\"Phone number\", \"Email\"]}}]"}}, {"model": "admin.logentry", "pk": 2, "fields": {"action_time": "2021-06-30T15:04:30.548Z", "user": 1, "content_type": 1, "object_id": "1", "object_repr": "Shirt", "action_flag": 1, "change_message": "[{\"added\": {}}]"}}, {"model": "admin.logentry", "pk": 3, "fields": {"action_time": "2021-06-30T15:10:41.114Z", "user": 1, "content_type": 1, "object_id": "2", "object_repr": "T shirt", "action_flag": 1, "change_message": "[{\"added\": {}}]"}}, {"model": "admin.logentry", "pk": 4, "fields": {"action_time": "2021-06-30T15:10:58.592Z", "user": 1, "content_type": 1, "object_id": "3", "object_repr": "Shoes", "action_flag": 1, "change_message": "[{\"added\": {}}]"}}, {"model": "admin.logentry", "pk": 5, "fields": {"action_time": "2021-06-30T15:11:15.023Z", "user": 1, "content_type": 1, "object_id": "4", "object_repr": "Jeans", "action_flag": 1, "change_message": "[{\"added\": {}}]"}}, {"model": "admin.logentry", "pk": 6, "fields": {"action_time": "2021-06-30T15:12:17.404Z", "user": 1, "content_type": 1, "object_id": "5", "object_repr": "Jackets", "action_flag": 1, "change_message": "[{\"added\": {}}]"}}, {"model": "admin.logentry", "pk": 7, "fields": {"action_time": "2021-07-01T13:47:50.126Z", "user": 1, "content_type": 8, "object_id": "1", "object_repr": "ATX Jeans (Jeans)", "action_flag": 1, "change_message": "[{\"added\": {}}]"}}, {"model": "admin.logentry", "pk": 8, "fields": {"action_time": "2021-07-01T13:48:21.169Z", "user": 1, "content_type": 8, "object_id": "2", "object_repr": "Blue Shirt (Shirt)", "action_flag": 1, "change_message": "[{\"added\": {}}]"}}, {"model": "admin.logentry", "pk": 9, "fields": {"action_time": "2021-07-01T13:49:01.465Z", "user": 1, "content_type": 8, "object_id": "3", "object_repr": "Great T Shirt (T shirt)", "action_flag": 1, "change_message": "[{\"added\": {}}]"}}, {"model": "admin.logentry", "pk": 10, "fields": {"action_time": "2021-07-01T13:49:54.026Z", "user": 1, "content_type": 8, "object_id": "4", "object_repr": "mavi Jeans (Jeans)", "action_flag": 1, "change_message": "[{\"added\": {}}]"}}, {"model": "admin.logentry", "pk": 11, "fields": {"action_time": "2021-07-01T13:50:49.512Z", "user": 1, "content_type": 8, "object_id": "5", "object_repr": "Kavi Jeans (Jeans)", "action_flag": 1, "change_message": "[{\"added\": {}}]"}}, {"model": "admin.logentry", "pk": 12, "fields": {"action_time": "2021-07-01T13:51:28.273Z", "user": 1, "content_type": 8, "object_id": "6", "object_repr": "Jordan Shoes (Shoes)", "action_flag": 1, "change_message": "[{\"added\": {}}]"}}, {"model": "admin.logentry", "pk": 13, "fields": {"action_time": "2021-07-01T13:52:09.466Z", "user": 1, "content_type": 8, "object_id": "7", "object_repr": "Puma Ferrari Jeans (Shoes)", "action_flag": 1, "change_message": "[{\"added\": {}}]"}}, {"model": "admin.logentry", "pk": 14, "fields": {"action_time": "2021-07-01T13:52:51.748Z", "user": 1, "content_type": 8, "object_id": "8", "object_repr": "US Polo Assn Jacket (Jackets)", "action_flag": 1, "change_message": "[{\"added\": {}}]"}}, {"model": "admin.logentry", "pk": 15, "fields": {"action_time": "2021-07-01T13:53:28.567Z", "user": 1, "content_type": 8, "object_id": "9", "object_repr": "Wrangler Shirt (Shirt)", "action_flag": 1, "change_message": "[{\"added\": {}}]"}}, {"model": "admin.logentry", "pk": 16, "fields": {"action_time": "2021-07-01T14:40:43.343Z", "user": 1, "content_type": 9, "object_id": "1", "object_repr": "ATX Jeans (Jeans)", "action_flag": 1, "change_message": "[{\"added\": {}}]"}}, {"model": "admin.logentry", "pk": 17, "fields": {"action_time": "2021-07-01T14:41:22.916Z", "user": 1, "content_type": 9, "object_id": "2", "object_repr": "Mavi Jeans (Jeans)", "action_flag": 1, "change_message": "[{\"added\": {}}]"}}, {"model": "admin.logentry", "pk": 18, "fields": {"action_time": "2021-07-01T14:41:47.257Z", "user": 1, "content_type": 9, "object_id": "3", "object_repr": "Blue Shirt (Shirt)", "action_flag": 1, "change_message": "[{\"added\": {}}]"}}, {"model": "admin.logentry", "pk": 19, "fields": {"action_time": "2021-07-01T14:42:11.429Z", "user": 1, "content_type": 9, "object_id": "4", "object_repr": "Great T Shirt (T shirt)", "action_flag": 1, "change_message": "[{\"added\": {}}]"}}, {"model": "admin.logentry", "pk": 20, "fields": {"action_time": "2021-07-01T14:42:31.015Z", "user": 1, "content_type": 9, "object_id": "5", "object_repr": "Puma Ferrari Jeans (Jeans)", "action_flag": 1, "change_message": "[{\"added\": {}}]"}}, {"model": "admin.logentry", "pk": 21, "fields": {"action_time": "2021-07-01T14:42:55.041Z", "user": 1, "content_type": 9, "object_id": "6", "object_repr": "Jordan Shoes (Shoes)", "action_flag": 1, "change_message": "[{\"added\": {}}]"}}, {"model": "admin.logentry", "pk": 22, "fields": {"action_time": "2021-07-01T14:43:17.585Z", "user": 1, "content_type": 9, "object_id": "7", "object_repr": "US Polo Assn Jacket (Jackets)", "action_flag": 1, "change_message": "[{\"added\": {}}]"}}, {"model": "admin.logentry", "pk": 23, "fields": {"action_time": "2021-07-01T14:43:37.080Z", "user": 1, "content_type": 9, "object_id": "8", "object_repr": "Wrangler Shirt (Shirt)", "action_flag": 1, "change_message": "[{\"added\": {}}]"}}, {"model": "admin.logentry", "pk": 24, "fields": {"action_time": "2021-07-01T14:44:02.909Z", "user": 1, "content_type": 9, "object_id": "9", "object_repr": "Kavi Jeans (Jeans)", "action_flag": 1, "change_message": "[{\"added\": {}}]"}}, {"model": "admin.logentry", "pk": 25, "fields": {"action_time": "2021-07-01T14:57:21.956Z", "user": 1, "content_type": 9, "object_id": "5", "object_repr": "Puma Ferrari Jeans (Shoes)", "action_flag": 2, "change_message": "[{\"changed\": {\"fields\": [\"Category\"]}}]"}}, {"model": "admin.logentry", "pk": 26, "fields": {"action_time": "2021-07-02T09:30:19.022Z", "user": 1, "content_type": 9, "object_id": "1", "object_repr": "ATX Jeans (Jeans)", "action_flag": 2, "change_message": "[{\"changed\": {\"fields\": [\"Stock\"]}}]"}}, {"model": "admin.logentry", "pk": 27, "fields": {"action_time": "2021-07-13T13:32:07.435Z", "user": 1, "content_type": 12, "object_id": "1", "object_repr": "Variation object (1)", "action_flag": 1, "change_message": "[{\"added\": {}}]"}}, {"model": "admin.logentry", "pk": 28, "fields": {"action_time": "2021-07-13T13:32:17.178Z", "user": 1, "content_type": 12, "object_id": "2", "object_repr": "Variation object (2)", "action_flag": 1, "change_message": "[{\"added\": {}}]"}}, {"model": "admin.logentry", "pk": 29, "fields": {"action_time": "2021-07-13T13:32:23.355Z", "user": 1, "content_type": 12, "object_id": "3", "object_repr": "Variation object (3)", "action_flag": 1, "change_message": "[{\"added\": {}}]"}}, {"model": "admin.logentry", "pk": 30, "fields": {"action_time": "2021-07-13T13:32:30.997Z", "user": 1, "content_type": 12, "object_id": "4", "object_repr": "Variation object (4)", "action_flag": 1, "change_message": "[{\"added\": {}}]"}}, {"model": "admin.logentry", "pk": 31, "fields": {"action_time": "2021-07-14T11:16:06.611Z", "user": 1, "content_type": 9, "object_id": "1", "object_repr": "ATX Jeans (Jeans)", "action_flag": 2, "change_message": "[{\"changed\": {\"fields\": [\"Stock\"]}}]"}}, {"model": "admin.logentry", "pk": 32, "fields": {"action_time": "2021-07-14T11:16:30.669Z", "user": 1, "content_type": 12, "object_id": "5", "object_repr": "Variation object (5)", "action_flag": 1, "change_message": "[{\"added\": {}}]"}}, {"model": "admin.logentry", "pk": 33, "fields": {"action_time": "2021-07-14T11:16:37.999Z", "user": 1, "content_type": 12, "object_id": "6", "object_repr": "Variation object (6)", "action_flag": 1, "change_message": "[{\"added\": {}}]"}}, {"model": "admin.logentry", "pk": 34, "fields": {"action_time": "2021-07-14T11:16:43.392Z", "user": 1, "content_type": 12, "object_id": "7", "object_repr": "Variation object (7)", "action_flag": 1, "change_message": "[{\"added\": {}}]"}}, {"model": "admin.logentry", "pk": 35, "fields": {"action_time": "2021-07-14T11:17:02.057Z", "user": 1, "content_type": 12, "object_id": "1", "object_repr": "Variation object (1)", "action_flag": 2, "change_message": "[{\"changed\": {\"fields\": [\"Variation value\"]}}]"}}, {"model": "admin.logentry", "pk": 36, "fields": {"action_time": "2021-07-14T12:44:57.235Z", "user": 1, "content_type": 10, "object_id": "27", "object_repr": "ATX Jeans (Jeans)", "action_flag": 3, "change_message": ""}}, {"model": "admin.logentry", "pk": 37, "fields": {"action_time": "2021-07-14T12:44:57.331Z", "user": 1, "content_type": 10, "object_id": "3", "object_repr": "Mavi Jeans (Jeans)", "action_flag": 3, "change_message": ""}}, {"model": "admin.logentry", "pk": 38, "fields": {"action_time": "2021-07-14T12:44:57.419Z", "user": 1, "content_type": 10, "object_id": "2", "object_repr": "Great T Shirt (T shirt)", "action_flag": 3, "change_message": ""}}, {"model": "admin.logentry", "pk": 39, "fields": {"action_time": "2021-07-14T12:44:57.579Z", "user": 1, "content_type": 10, "object_id": "1", "object_repr": "Blue Shirt (Shirt)", "action_flag": 3, "change_message": ""}}, {"model": "admin.logentry", "pk": 40, "fields": {"action_time": "2021-07-14T13:28:47.019Z", "user": 1, "content_type": 10, "object_id": "36", "object_repr": "ATX Jeans (Jeans)", "action_flag": 3, "change_message": ""}}, {"model": "admin.logentry", "pk": 41, "fields": {"action_time": "2021-07-14T13:28:47.115Z", "user": 1, "content_type": 10, "object_id": "35", "object_repr": "ATX Jeans (Jeans)", "action_flag": 3, "change_message": ""}}, {"model": "admin.logentry", "pk": 42, "fields": {"action_time": "2021-07-14T13:28:47.212Z", "user": 1, "content_type": 10, "object_id": "34", "object_repr": "ATX Jeans (Jeans)", "action_flag": 3, "change_message": ""}}, {"model": "admin.logentry", "pk": 43, "fields": {"action_time": "2021-07-14T13:28:47.299Z", "user": 1, "content_type": 10, "object_id": "33", "object_repr": "ATX Jeans (Jeans)", "action_flag": 3, "change_message": ""}}, {"model": "admin.logentry", "pk": 44, "fields": {"action_time": "2021-07-14T13:28:47.381Z", "user": 1, "content_type": 10, "object_id": "32", "object_repr": "ATX Jeans (Jeans)", "action_flag": 3, "change_message": ""}}, {"model": "admin.logentry", "pk": 45, "fields": {"action_time": "2021-07-14T13:28:47.468Z", "user": 1, "content_type": 10, "object_id": "31", "object_repr": "ATX Jeans (Jeans)", "action_flag": 3, "change_message": ""}}, {"model": "admin.logentry", "pk": 46, "fields": {"action_time": "2021-07-14T13:28:47.555Z", "user": 1, "content_type": 10, "object_id": "30", "object_repr": "ATX Jeans (Jeans)", "action_flag": 3, "change_message": ""}}, {"model": "admin.logentry", "pk": 47, "fields": {"action_time": "2021-07-14T13:28:47.640Z", "user": 1, "content_type": 10, "object_id": "29", "object_repr": "ATX Jeans (Jeans)", "action_flag": 3, "change_message": ""}}, {"model": "admin.logentry", "pk": 48, "fields": {"action_time": "2021-07-14T13:31:13.513Z", "user": 1, "content_type": 10, "object_id": "39", "object_repr": "ATX Jeans (Jeans)", "action_flag": 3, "change_message": ""}}, {"model": "admin.logentry", "pk": 49, "fields": {"action_time": "2021-07-14T13:31:13.625Z", "user": 1, "content_type": 10, "object_id": "38", "object_repr": "ATX Jeans (Jeans)", "action_flag": 3, "change_message": ""}}, {"model": "admin.logentry", "pk": 50, "fields": {"action_time": "2021-07-14T13:31:13.713Z", "user": 1, "content_type": 10, "object_id": "37", "object_repr": "ATX Jeans (Jeans)", "action_flag": 3, "change_message": ""}}, {"model": "admin.logentry", "pk": 51, "fields": {"action_time": "2021-07-15T08:25:33.972Z", "user": 1, "content_type": 2, "object_id": "2", "object_repr": "shreyaprogramme1r@gmail.com - Shreya Kapadia", "action_flag": 3, "change_message": ""}}, {"model": "admin.logentry", "pk": 52, "fields": {"action_time": "2021-07-15T09:47:10.170Z", "user": 1, "content_type": 2, "object_id": "7", "object_repr": "shreyaprogrammer@gmail.com1 - Shreya Kapadia", "action_flag": 3, "change_message": ""}}, {"model": "admin.logentry", "pk": 53, "fields": {"action_time": "2021-07-15T09:47:10.253Z", "user": 1, "content_type": 2, "object_id": "6", "object_repr": "shreyaprogrammer00@gmail.com - Shreya Kapadia", "action_flag": 3, "change_message": ""}}, {"model": "admin.logentry", "pk": 54, "fields": {"action_time": "2021-07-15T09:47:10.328Z", "user": 1, "content_type": 2, "object_id": "5", "object_repr": "shreyaprogrammer0@gmail.com - Shreya Kapadia", "action_flag": 3, "change_message": ""}}, {"model": "admin.logentry", "pk": 55, "fields": {"action_time": "2021-07-15T09:47:10.401Z", "user": 1, "content_type": 2, "object_id": "4", "object_repr": "shreyaprogrammer12@gmail.com - Shreya Kapadia", "action_flag": 3, "change_message": ""}}, {"model": "admin.logentry", "pk": 56, "fields": {"action_time": "2021-07-19T07:18:20.490Z", "user": 1, "content_type": 2, "object_id": "11", "object_repr": "shreyadkapadia10@gmail.com - Shreya Kapadia", "action_flag": 3, "change_message": ""}}, {"model": "admin.logentry", "pk": 57, "fields": {"action_time": "2021-07-19T07:20:46.064Z", "user": 1, "content_type": 2, "object_id": "12", "object_repr": "shreyadkapadia10@gmail.com - Shreya Kapadia", "action_flag": 3, "change_message": ""}}, {"model": "admin.logentry", "pk": 58, "fields": {"action_time": "2021-07-19T07:37:03.358Z", "user": 1, "content_type": 2, "object_id": "13", "object_repr": "shreyadkapadia10@gmail.com - Shreya Kapadia", "action_flag": 3, "change_message": ""}}, {"model": "admin.logentry", "pk": 59, "fields": {"action_time": "2021-07-20T14:07:02.387Z", "user": 1, "content_type": 11, "object_id": "7", "object_repr": "uyfurkxpd1jzoqsigg21ozop1fo48vac", "action_flag": 3, "change_message": ""}}, {"model": "admin.logentry", "pk": 60, "fields": {"action_time": "2021-07-20T14:07:02.650Z", "user": 1, "content_type": 11, "object_id": "6", "object_repr": "ql6h7c4t96w7xwsk3t9ws0xtsohuw5l6", "action_flag": 3, "change_message": ""}}, {"model": "admin.logentry", "pk": 61, "fields": {"action_time": "2021-07-20T14:07:02.906Z", "user": 1, "content_type": 11, "object_id": "5", "object_repr": "53umf9dh2u05oqfll5cgta0ptgugc5n7", "action_flag": 3, "change_message": ""}}, {"model": "admin.logentry", "pk": 62, "fields": {"action_time": "2021-07-20T14:07:03.155Z", "user": 1, "content_type": 11, "object_id": "4", "object_repr": "se21jnakrih2o37s9174u276gbh8zgc7", "action_flag": 3, "change_message": ""}}, {"model": "admin.logentry", "pk": 63, "fields": {"action_time": "2021-07-20T14:07:03.386Z", "user": 1, "content_type": 11, "object_id": "3", "object_repr": "1i8dojaau4zjrdx9ofv5j9gignxboewa", "action_flag": 3, "change_message": ""}}, {"model": "admin.logentry", "pk": 64, "fields": {"action_time": "2021-07-20T14:07:03.570Z", "user": 1, "content_type": 11, "object_id": "2", "object_repr": "w335keuyyln49cakavf9f8mkzmxmsojb", "action_flag": 3, "change_message": ""}}, {"model": "admin.logentry", "pk": 65, "fields": {"action_time": "2021-07-20T14:07:03.706Z", "user": 1, "content_type": 11, "object_id": "1", "object_repr": "bbrboifn16b39be9ejr20fzhjlv991k9", "action_flag": 3, "change_message": ""}}, {"model": "admin.logentry", "pk": 66, "fields": {"action_time": "2021-07-20T14:07:49.984Z", "user": 1, "content_type": 10, "object_id": "49", "object_repr": "ATX Jeans (Jeans)", "action_flag": 3, "change_message": ""}}, {"model": "admin.logentry", "pk": 67, "fields": {"action_time": "2021-07-20T14:07:56.690Z", "user": 1, "content_type": 11, "object_id": "8", "object_repr": "x9a80j78s42vsmy7tupbyzxaidn5hlhh", "action_flag": 3, "change_message": ""}}, {"model": "admin.logentry", "pk": 68, "fields": {"action_time": "2021-07-20T14:09:16.239Z", "user": 1, "content_type": 11, "object_id": "9", "object_repr": "qefiv6r9lcyn9sfm31mkl3nv8r7ynjgu", "action_flag": 3, "change_message": ""}}, {"model": "admin.logentry", "pk": 69, "fields": {"action_time": "2021-07-20T14:12:38.652Z", "user": 1, "content_type": 10, "object_id": "54", "object_repr": "ATX Jeans (Jeans)", "action_flag": 3, "change_message": ""}}, {"model": "admin.logentry", "pk": 70, "fields": {"action_time": "2021-07-20T14:12:38.743Z", "user": 1, "content_type": 10, "object_id": "52", "object_repr": "ATX Jeans (Jeans)", "action_flag": 3, "change_message": ""}}, {"model": "admin.logentry", "pk": 71, "fields": {"action_time": "2021-07-20T14:12:38.833Z", "user": 1, "content_type": 10, "object_id": "51", "object_repr": "ATX Jeans (Jeans)", "action_flag": 3, "change_message": ""}}, {"model": "admin.logentry", "pk": 72, "fields": {"action_time": "2021-07-20T14:17:19.293Z", "user": 1, "content_type": 11, "object_id": "13", "object_repr": "i9m86o96gvy9hvbq7reynwmc6hn5ul16", "action_flag": 3, "change_message": ""}}, {"model": "admin.logentry", "pk": 73, "fields": {"action_time": "2021-07-20T14:17:19.383Z", "user": 1, "content_type": 11, "object_id": "12", "object_repr": "d2bj20zc87v9juno5kjdzsxbwy0vhx6k", "action_flag": 3, "change_message": ""}}, {"model": "admin.logentry", "pk": 74, "fields": {"action_time": "2021-07-20T14:17:19.471Z", "user": 1, "content_type": 11, "object_id": "11", "object_repr": "yeghwtmxhnyhz8yuifk9ctcv7hvhl19k", "action_flag": 3, "change_message": ""}}, {"model": "admin.logentry", "pk": 75, "fields": {"action_time": "2021-07-20T14:17:19.553Z", "user": 1, "content_type": 11, "object_id": "10", "object_repr": "t4h6tsjimvdqy44raaes6cayzjo4ws3t", "action_flag": 3, "change_message": ""}}, {"model": "admin.logentry", "pk": 76, "fields": {"action_time": "2021-07-20T14:39:51.448Z", "user": 1, "content_type": 11, "object_id": "16", "object_repr": "0gmyf1oohcv83si84q9kox0o9jujv6z9", "action_flag": 3, "change_message": ""}}, {"model": "admin.logentry", "pk": 77, "fields": {"action_time": "2021-07-20T14:39:51.630Z", "user": 1, "content_type": 11, "object_id": "15", "object_repr": "yzzuq2ioadlxyvhu4guw9qn6cgwpj5si", "action_flag": 3, "change_message": ""}}, {"model": "admin.logentry", "pk": 78, "fields": {"action_time": "2021-07-20T14:39:51.760Z", "user": 1, "content_type": 11, "object_id": "14", "object_repr": "cn41ww5y43hc4tbaslitod3xl5ft15mr", "action_flag": 3, "change_message": ""}}, {"model": "admin.logentry", "pk": 79, "fields": {"action_time": "2021-07-20T14:40:12.412Z", "user": 1, "content_type": 10, "object_id": "58", "object_repr": "ATX Jeans (Jeans)", "action_flag": 3, "change_message": ""}}, {"model": "admin.logentry", "pk": 80, "fields": {"action_time": "2021-07-21T10:13:06.269Z", "user": 1, "content_type": 11, "object_id": "21", "object_repr": "6nolo4ons0up5d1uozgqlwrc1d6qcvdy", "action_flag": 3, "change_message": ""}}, {"model": "admin.logentry", "pk": 81, "fields": {"action_time": "2021-07-21T10:13:06.448Z", "user": 1, "content_type": 11, "object_id": "20", "object_repr": "805zfa3r8v9a0nyr7z8fkh9vzrbmawgo", "action_flag": 3, "change_message": ""}}, {"model": "admin.logentry", "pk": 82, "fields": {"action_time": "2021-07-21T10:13:06.594Z", "user": 1, "content_type": 11, "object_id": "19", "object_repr": "vokonnx0mse9mvo17m0k7m947uxm153n", "action_flag": 3, "change_message": ""}}, {"model": "admin.logentry", "pk": 83, "fields": {"action_time": "2021-07-21T10:13:06.686Z", "user": 1, "content_type": 11, "object_id": "18", "object_repr": "1muheczcl1owi5x7wzc7lroe7bz8m8sq", "action_flag": 3, "change_message": ""}}, {"model": "admin.logentry", "pk": 84, "fields": {"action_time": "2021-07-21T10:13:06.925Z", "user": 1, "content_type": 11, "object_id": "17", "object_repr": "dkl0mwwau80afpo7ywie4gk3es1sjg13", "action_flag": 3, "change_message": ""}}, {"model": "admin.logentry", "pk": 85, "fields": {"action_time": "2021-07-21T10:13:16.597Z", "user": 1, "content_type": 15, "object_id": "26", "object_repr": "2021072126 (Shreya)", "action_flag": 3, "change_message": ""}}, {"model": "admin.logentry", "pk": 86, "fields": {"action_time": "2021-07-21T10:13:16.719Z", "user": 1, "content_type": 15, "object_id": "25", "object_repr": "2021072125 (Shreya)", "action_flag": 3, "change_message": ""}}, {"model": "admin.logentry", "pk": 87, "fields": {"action_time": "2021-07-21T10:13:16.804Z", "user": 1, "content_type": 15, "object_id": "24", "object_repr": "2021072124 (Shreya)", "action_flag": 3, "change_message": ""}}, {"model": "admin.logentry", "pk": 88, "fields": {"action_time": "2021-07-21T10:13:16.887Z", "user": 1, "content_type": 15, "object_id": "23", "object_repr": "2021072123 (Shreya)", "action_flag": 3, "change_message": ""}}, {"model": "admin.logentry", "pk": 89, "fields": {"action_time": "2021-07-21T10:13:16.979Z", "user": 1, "content_type": 15, "object_id": "22", "object_repr": "2021072122 (Shreya)", "action_flag": 3, "change_message": ""}}, {"model": "admin.logentry", "pk": 90, "fields": {"action_time": "2021-07-21T10:13:17.056Z", "user": 1, "content_type": 15, "object_id": "21", "object_repr": "2021072121 (Shreya)", "action_flag": 3, "change_message": ""}}, {"model": "admin.logentry", "pk": 91, "fields": {"action_time": "2021-07-21T10:13:17.147Z", "user": 1, "content_type": 15, "object_id": "20", "object_repr": "2021072120 (Shreya)", "action_flag": 3, "change_message": ""}}, {"model": "admin.logentry", "pk": 92, "fields": {"action_time": "2021-07-21T10:13:17.247Z", "user": 1, "content_type": 15, "object_id": "19", "object_repr": "2021072119 (Shreya)", "action_flag": 3, "change_message": ""}}, {"model": "admin.logentry", "pk": 93, "fields": {"action_time": "2021-07-21T10:13:17.399Z", "user": 1, "content_type": 15, "object_id": "18", "object_repr": "2021072118 (Shreya)", "action_flag": 3, "change_message": ""}}, {"model": "admin.logentry", "pk": 94, "fields": {"action_time": "2021-07-21T10:13:17.605Z", "user": 1, "content_type": 15, "object_id": "17", "object_repr": "2021072117 (Shreya)", "action_flag": 3, "change_message": ""}}, {"model": "admin.logentry", "pk": 95, "fields": {"action_time": "2021-07-21T10:13:17.795Z", "user": 1, "content_type": 15, "object_id": "16", "object_repr": "2021072116 (Shreya)", "action_flag": 3, "change_message": ""}}, {"model": "admin.logentry", "pk": 96, "fields": {"action_time": "2021-07-21T10:13:17.885Z", "user": 1, "content_type": 15, "object_id": "15", "object_repr": "2021072115 (Shreya)", "action_flag": 3, "change_message": ""}}, {"model": "admin.logentry", "pk": 97, "fields": {"action_time": "2021-07-21T10:13:17.969Z", "user": 1, "content_type": 15, "object_id": "14", "object_repr": "2021072114 (Shreya)", "action_flag": 3, "change_message": ""}}, {"model": "admin.logentry", "pk": 98, "fields": {"action_time": "2021-07-21T10:13:18.053Z", "user": 1, "content_type": 15, "object_id": "13", "object_repr": "2021072113 (Shreya)", "action_flag": 3, "change_message": ""}}, {"model": "admin.logentry", "pk": 99, "fields": {"action_time": "2021-07-21T10:13:18.137Z", "user": 1, "content_type": 15, "object_id": "12", "object_repr": "2021072112 (Shreya)", "action_flag": 3, "change_message": ""}}, {"model": "admin.logentry", "pk": 100, "fields": {"action_time": "2021-07-21T10:13:18.220Z", "user": 1, "content_type": 15, "object_id": "11", "object_repr": "2021072111 (Shreya)", "action_flag": 3, "change_message": ""}}, {"model": "admin.logentry", "pk": 101, "fields": {"action_time": "2021-07-21T10:13:18.309Z", "user": 1, "content_type": 15, "object_id": "10", "object_repr": "2021072110 (Shreya)", "action_flag": 3, "change_message": ""}}, {"model": "admin.logentry", "pk": 102, "fields": {"action_time": "2021-07-21T10:13:18.376Z", "user": 1, "content_type": 15, "object_id": "9", "object_repr": "202107219 (Shreya)", "action_flag": 3, "change_message": ""}}, {"model": "admin.logentry", "pk": 103, "fields": {"action_time": "2021-07-21T10:13:18.467Z", "user": 1, "content_type": 15, "object_id": "8", "object_repr": "202107218 (Shreya)", "action_flag": 3, "change_message": ""}}, {"model": "admin.logentry", "pk": 104, "fields": {"action_time": "2021-07-21T10:13:18.549Z", "user": 1, "content_type": 15, "object_id": "7", "object_repr": "202107217 (Shreya)", "action_flag": 3, "change_message": ""}}, {"model": "admin.logentry", "pk": 105, "fields": {"action_time": "2021-07-21T10:13:18.638Z", "user": 1, "content_type": 15, "object_id": "6", "object_repr": "202107216 (Shreya)", "action_flag": 3, "change_message": ""}}, {"model": "admin.logentry", "pk": 106, "fields": {"action_time": "2021-07-21T10:13:18.707Z", "user": 1, "content_type": 15, "object_id": "5", "object_repr": "202107215 (Shreya)", "action_flag": 3, "change_message": ""}}, {"model": "admin.logentry", "pk": 107, "fields": {"action_time": "2021-07-21T10:13:18.797Z", "user": 1, "content_type": 15, "object_id": "4", "object_repr": "202107214 (Shreya)", "action_flag": 3, "change_message": ""}}, {"model": "admin.logentry", "pk": 108, "fields": {"action_time": "2021-07-21T10:13:18.938Z", "user": 1, "content_type": 15, "object_id": "3", "object_repr": "202107213 (Shreya)", "action_flag": 3, "change_message": ""}}, {"model": "admin.logentry", "pk": 109, "fields": {"action_time": "2021-07-21T10:13:19.016Z", "user": 1, "content_type": 15, "object_id": "2", "object_repr": "202107212 (Shreya)", "action_flag": 3, "change_message": ""}}, {"model": "admin.logentry", "pk": 110, "fields": {"action_time": "2021-07-21T10:13:19.108Z", "user": 1, "content_type": 15, "object_id": "1", "object_repr": "202107211 (Shreya)", "action_flag": 3, "change_message": ""}}, {"model": "admin.logentry", "pk": 111, "fields": {"action_time": "2021-07-21T10:38:28.522Z", "user": 1, "content_type": 11, "object_id": "23", "object_repr": "okz9ehcv3yuex9ipbgn57hscmiml579k", "action_flag": 3, "change_message": ""}}, {"model": "admin.logentry", "pk": 112, "fields": {"action_time": "2021-07-21T10:38:28.595Z", "user": 1, "content_type": 11, "object_id": "22", "object_repr": "vztb0c7gx6ocjpusca2wxfh952h6xtqt", "action_flag": 3, "change_message": ""}}, {"model": "admin.logentry", "pk": 113, "fields": {"action_time": "2021-07-21T10:38:40.618Z", "user": 1, "content_type": 15, "object_id": "27", "object_repr": "2021072127 (Shreya)", "action_flag": 3, "change_message": ""}}, {"model": "admin.logentry", "pk": 114, "fields": {"action_time": "2021-07-21T10:41:01.051Z", "user": 1, "content_type": 11, "object_id": "26", "object_repr": "a060o1i3wkeiukvnl02i8yov46i996vj", "action_flag": 3, "change_message": ""}}, {"model": "admin.logentry", "pk": 115, "fields": {"action_time": "2021-07-21T10:41:01.167Z", "user": 1, "content_type": 11, "object_id": "25", "object_repr": "ap1e0mtmw6pr6hfdm07vq572llqxjkxz", "action_flag": 3, "change_message": ""}}, {"model": "admin.logentry", "pk": 116, "fields": {"action_time": "2021-07-21T10:41:01.266Z", "user": 1, "content_type": 11, "object_id": "24", "object_repr": "zdtte2y15g2wljbnjq37xrv1m03cf6v0", "action_flag": 3, "change_message": ""}}, {"model": "admin.logentry", "pk": 117, "fields": {"action_time": "2021-07-21T12:40:03.965Z", "user": 1, "content_type": 15, "object_id": "45", "object_repr": "2021072145 (Shreya)", "action_flag": 2, "change_message": "[{\"changed\": {\"fields\": [\"Is ordered\"]}}]"}}, {"model": "admin.logentry", "pk": 118, "fields": {"action_time": "2021-07-21T12:40:10.340Z", "user": 1, "content_type": 15, "object_id": "44", "object_repr": "2021072144 (Shreya)", "action_flag": 3, "change_message": ""}}, {"model": "admin.logentry", "pk": 119, "fields": {"action_time": "2021-07-21T12:40:10.456Z", "user": 1, "content_type": 15, "object_id": "43", "object_repr": "2021072143 (Shreya)", "action_flag": 3, "change_message": ""}}, {"model": "admin.logentry", "pk": 120, "fields": {"action_time": "2021-07-21T12:40:10.531Z", "user": 1, "content_type": 15, "object_id": "42", "object_repr": "2021072142 (Shreya)", "action_flag": 3, "change_message": ""}}, {"model": "admin.logentry", "pk": 121, "fields": {"action_time": "2021-07-21T12:40:10.649Z", "user": 1, "content_type": 15, "object_id": "41", "object_repr": "2021072141 (Shreya)", "action_flag": 3, "change_message": ""}}, {"model": "admin.logentry", "pk": 122, "fields": {"action_time": "2021-07-21T12:40:10.756Z", "user": 1, "content_type": 15, "object_id": "40", "object_repr": "2021072140 (Shreya)", "action_flag": 3, "change_message": ""}}, {"model": "admin.logentry", "pk": 123, "fields": {"action_time": "2021-07-21T12:40:10.986Z", "user": 1, "content_type": 15, "object_id": "39", "object_repr": "2021072139 (Shreya)", "action_flag": 3, "change_message": ""}}, {"model": "admin.logentry", "pk": 124, "fields": {"action_time": "2021-07-21T12:40:11.060Z", "user": 1, "content_type": 15, "object_id": "38", "object_repr": "2021072138 (Shreya)", "action_flag": 3, "change_message": ""}}, {"model": "admin.logentry", "pk": 125, "fields": {"action_time": "2021-07-21T12:40:11.200Z", "user": 1, "content_type": 15, "object_id": "37", "object_repr": "2021072137 (Shreya)", "action_flag": 3, "change_message": ""}}, {"model": "admin.logentry", "pk": 126, "fields": {"action_time": "2021-07-21T12:40:11.332Z", "user": 1, "content_type": 15, "object_id": "36", "object_repr": "2021072136 (Shreya)", "action_flag": 3, "change_message": ""}}, {"model": "admin.logentry", "pk": 127, "fields": {"action_time": "2021-07-21T12:40:11.492Z", "user": 1, "content_type": 15, "object_id": "35", "object_repr": "2021072135 (Shreya)", "action_flag": 3, "change_message": ""}}, {"model": "admin.logentry", "pk": 128, "fields": {"action_time": "2021-07-21T12:40:11.637Z", "user": 1, "content_type": 15, "object_id": "34", "object_repr": "2021072134 (Shreya)", "action_flag": 3, "change_message": ""}}, {"model": "admin.logentry", "pk": 129, "fields": {"action_time": "2021-07-21T12:40:11.799Z", "user": 1, "content_type": 15, "object_id": "33", "object_repr": "2021072133 (Shreya)", "action_flag": 3, "change_message": ""}}, {"model": "admin.logentry", "pk": 130, "fields": {"action_time": "2021-07-21T12:40:11.962Z", "user": 1, "content_type": 15, "object_id": "32", "object_repr": "2021072132 (Shreya)", "action_flag": 3, "change_message": ""}}, {"model": "admin.logentry", "pk": 131, "fields": {"action_time": "2021-07-21T12:40:12.058Z", "user": 1, "content_type": 15, "object_id": "31", "object_repr": "2021072131 (Shreya)", "action_flag": 3, "change_message": ""}}, {"model": "admin.logentry", "pk": 132, "fields": {"action_time": "2021-07-21T12:40:12.132Z", "user": 1, "content_type": 15, "object_id": "30", "object_repr": "2021072130 (Shreya)", "action_flag": 3, "change_message": ""}}, {"model": "admin.logentry", "pk": 133, "fields": {"action_time": "2021-07-21T12:40:12.205Z", "user": 1, "content_type": 15, "object_id": "29", "object_repr": "2021072129 (Shreya)", "action_flag": 3, "change_message": ""}}, {"model": "admin.logentry", "pk": 134, "fields": {"action_time": "2021-07-21T12:40:12.280Z", "user": 1, "content_type": 15, "object_id": "28", "object_repr": "2021072128 (Shreya)", "action_flag": 3, "change_message": ""}}, {"model": "admin.logentry", "pk": 135, "fields": {"action_time": "2021-07-21T12:40:19.634Z", "user": 1, "content_type": 14, "object_id": "2", "object_repr": "Shreya (2021072145)", "action_flag": 3, "change_message": ""}}, {"model": "admin.logentry", "pk": 136, "fields": {"action_time": "2021-07-21T12:40:19.735Z", "user": 1, "content_type": 14, "object_id": "1", "object_repr": "Shreya (2021072145)", "action_flag": 3, "change_message": ""}}, {"model": "admin.logentry", "pk": 137, "fields": {"action_time": "2021-07-21T12:41:55.015Z", "user": 1, "content_type": 15, "object_id": "46", "object_repr": "2021072146 (Shreya)", "action_flag": 3, "change_message": ""}}, {"model": "admin.logentry", "pk": 138, "fields": {"action_time": "2021-07-21T12:41:55.103Z", "user": 1, "content_type": 15, "object_id": "45", "object_repr": "2021072145 (Shreya)", "action_flag": 3, "change_message": ""}}, {"model": "admin.logentry", "pk": 139, "fields": {"action_time": "2021-07-21T12:42:01.443Z", "user": 1, "content_type": 14, "object_id": "3", "object_repr": "Shreya (04N97935AL619544U)", "action_flag": 3, "change_message": ""}}, {"model": "admin.logentry", "pk": 140, "fields": {"action_time": "2021-07-21T12:44:45.997Z", "user": 1, "content_type": 15, "object_id": "49", "object_repr": "2021072149 (Shreya)", "action_flag": 3, "change_message": ""}}, {"model": "admin.logentry", "pk": 141, "fields": {"action_time": "2021-07-21T12:44:46.157Z", "user": 1, "content_type": 15, "object_id": "48", "object_repr": "2021072148 (Shreya)", "action_flag": 3, "change_message": ""}}, {"model": "admin.logentry", "pk": 142, "fields": {"action_time": "2021-07-21T12:44:46.241Z", "user": 1, "content_type": 15, "object_id": "47", "object_repr": "2021072147 (Shreya)", "action_flag": 3, "change_message": ""}}, {"model": "admin.logentry", "pk": 143, "fields": {"action_time": "2021-07-21T13:37:27.383Z", "user": 1, "content_type": 15, "object_id": "50", "object_repr": "2021072150 (Shreya)", "action_flag": 2, "change_message": "[{\"changed\": {\"fields\": [\"Is ordered\"]}}]"}}, {"model": "admin.logentry", "pk": 144, "fields": {"action_time": "2021-07-21T13:42:02.276Z", "user": 1, "content_type": 15, "object_id": "52", "object_repr": "2021072152 (Shreya)", "action_flag": 3, "change_message": ""}}, {"model": "admin.logentry", "pk": 145, "fields": {"action_time": "2021-07-21T13:42:02.393Z", "user": 1, "content_type": 15, "object_id": "51", "object_repr": "2021072151 (Shreya)", "action_flag": 3, "change_message": ""}}, {"model": "admin.logentry", "pk": 146, "fields": {"action_time": "2021-07-21T13:42:02.475Z", "user": 1, "content_type": 15, "object_id": "50", "object_repr": "2021072150 (Shreya)", "action_flag": 3, "change_message": ""}}, {"model": "admin.logentry", "pk": 147, "fields": {"action_time": "2021-07-21T13:42:11.975Z", "user": 1, "content_type": 14, "object_id": "6", "object_repr": "Shreya (5RK81495EP575424P)", "action_flag": 3, "change_message": ""}}, {"model": "admin.logentry", "pk": 148, "fields": {"action_time": "2021-07-21T13:42:12.066Z", "user": 1, "content_type": 14, "object_id": "5", "object_repr": "Shreya (47P59599LC713850L)", "action_flag": 3, "change_message": ""}}, {"model": "admin.logentry", "pk": 149, "fields": {"action_time": "2021-07-21T13:42:12.184Z", "user": 1, "content_type": 14, "object_id": "4", "object_repr": "Shreya (14L18191XJ529183G)", "action_flag": 3, "change_message": ""}}, {"model": "admin.logentry", "pk": 150, "fields": {"action_time": "2021-07-21T13:56:17.955Z", "user": 1, "content_type": 12, "object_id": "4", "object_repr": "Blue", "action_flag": 3, "change_message": ""}}, {"model": "admin.logentry", "pk": 151, "fields": {"action_time": "2021-07-21T13:57:34.293Z", "user": 1, "content_type": 15, "object_id": "56", "object_repr": "2021072156 (Shreya)", "action_flag": 3, "change_message": ""}}, {"model": "admin.logentry", "pk": 152, "fields": {"action_time": "2021-07-21T13:57:34.382Z", "user": 1, "content_type": 15, "object_id": "55", "object_repr": "2021072155 (Shreya)", "action_flag": 3, "change_message": ""}}, {"model": "admin.logentry", "pk": 153, "fields": {"action_time": "2021-07-21T13:57:34.462Z", "user": 1, "content_type": 15, "object_id": "54", "object_repr": "2021072154 (Shreya)", "action_flag": 3, "change_message": ""}}, {"model": "admin.logentry", "pk": 154, "fields": {"action_time": "2021-07-21T13:57:34.554Z", "user": 1, "content_type": 15, "object_id": "53", "object_repr": "2021072153 (Shreya)", "action_flag": 3, "change_message": ""}}, {"model": "admin.logentry", "pk": 155, "fields": {"action_time": "2021-07-21T13:59:37.175Z", "user": 1, "content_type": 12, "object_id": "8", "object_repr": "Blue", "action_flag": 1, "change_message": "[{\"added\": {}}]"}}, {"model": "admin.logentry", "pk": 156, "fields": {"action_time": "2021-07-21T13:59:46.357Z", "user": 1, "content_type": 12, "object_id": "9", "object_repr": "Medium", "action_flag": 1, "change_message": "[{\"added\": {}}]"}}, {"model": "admin.logentry", "pk": 157, "fields": {"action_time": "2021-07-22T14:46:34.474Z", "user": 1, "content_type": 16, "object_id": "1", "object_repr": "Review Subject (5.0 stars)", "action_flag": 3, "change_message": ""}}, {"model": "admin.logentry", "pk": 158, "fields": {"action_time": "2021-07-22T15:05:16.077Z", "user": 1, "content_type": 15, "object_id": "69", "object_repr": "2021072269 (Shreya)", "action_flag": 3, "change_message": ""}}, {"model": "admin.logentry", "pk": 159, "fields": {"action_time": "2021-07-22T15:05:16.164Z", "user": 1, "content_type": 15, "object_id": "68", "object_repr": "2021072268 (Shreya)", "action_flag": 3, "change_message": ""}}, {"model": "admin.logentry", "pk": 160, "fields": {"action_time": "2021-07-22T15:05:16.237Z", "user": 1, "content_type": 15, "object_id": "67", "object_repr": "2021072267 (Shreya)", "action_flag": 3, "change_message": ""}}, {"model": "admin.logentry", "pk": 161, "fields": {"action_time": "2021-07-22T15:05:16.311Z", "user": 1, "content_type": 15, "object_id": "66", "object_repr": "2021072266 (Shreya)", "action_flag": 3, "change_message": ""}}, {"model": "admin.logentry", "pk": 162, "fields": {"action_time": "2021-07-22T15:05:16.387Z", "user": 1, "content_type": 15, "object_id": "65", "object_repr": "2021072265 (Shreya)", "action_flag": 3, "change_message": ""}}, {"model": "admin.logentry", "pk": 163, "fields": {"action_time": "2021-07-22T15:05:16.472Z", "user": 1, "content_type": 15, "object_id": "64", "object_repr": "2021072164 (Shreya)", "action_flag": 3, "change_message": ""}}, {"model": "admin.logentry", "pk": 164, "fields": {"action_time": "2021-07-22T15:05:16.557Z", "user": 1, "content_type": 15, "object_id": "63", "object_repr": "2021072163 (Shreya)", "action_flag": 3, "change_message": ""}}, {"model": "admin.logentry", "pk": 165, "fields": {"action_time": "2021-07-22T15:05:16.642Z", "user": 1, "content_type": 15, "object_id": "62", "object_repr": "2021072162 (Shreya)", "action_flag": 3, "change_message": ""}}, {"model": "admin.logentry", "pk": 166, "fields": {"action_time": "2021-07-22T15:05:16.726Z", "user": 1, "content_type": 15, "object_id": "61", "object_repr": "2021072161 (Shreya)", "action_flag": 3, "change_message": ""}}, {"model": "admin.logentry", "pk": 167, "fields": {"action_time": "2021-07-22T15:05:16.800Z", "user": 1, "content_type": 15, "object_id": "60", "object_repr": "2021072160 (Shreya)", "action_flag": 3, "change_message": ""}}, {"model": "admin.logentry", "pk": 168, "fields": {"action_time": "2021-07-22T15:05:16.899Z", "user": 1, "content_type": 15, "object_id": "59", "object_repr": "2021072159 (Shreya)", "action_flag": 3, "change_message": ""}}, {"model": "admin.logentry", "pk": 169, "fields": {"action_time": "2021-07-22T15:05:16.999Z", "user": 1, "content_type": 15, "object_id": "58", "object_repr": "2021072158 (Shreya)", "action_flag": 3, "change_message": ""}}, {"model": "admin.logentry", "pk": 170, "fields": {"action_time": "2021-07-22T15:05:17.083Z", "user": 1, "content_type": 15, "object_id": "57", "object_repr": "2021072157 (Shreya)", "action_flag": 3, "change_message": ""}}, {"model": "admin.logentry", "pk": 171, "fields": {"action_time": "2021-07-22T15:29:16.318Z", "user": 1, "content_type": 16, "object_id": "2", "object_repr": "Nice Product (4.0 stars)", "action_flag": 2, "change_message": "[{\"changed\": {\"fields\": [\"Rating\"]}}]"}}, {"model": "admin.logentry", "pk": 172, "fields": {"action_time": "2021-07-22T15:30:27.259Z", "user": 1, "content_type": 16, "object_id": "2", "object_repr": "Nice Product (4.5 stars)", "action_flag": 2, "change_message": "[{\"changed\": {\"fields\": [\"Rating\"]}}]"}}, {"model": "admin.logentry", "pk": 173, "fields": {"action_time": "2021-07-22T15:31:32.570Z", "user": 1, "content_type": 16, "object_id": "2", "object_repr": "Nice Product (5.0 stars)", "action_flag": 2, "change_message": "[{\"changed\": {\"fields\": [\"Rating\"]}}]"}}, {"model": "admin.logentry", "pk": 174, "fields": {"action_time": "2021-07-24T13:18:58.733Z", "user": 1, "content_type": 16, "object_id": "3", "object_repr": "Best Product (2.0 stars)", "action_flag": 1, "change_message": "[{\"added\": {}}]"}}, {"model": "admin.logentry", "pk": 175, "fields": {"action_time": "2021-07-24T13:19:28.505Z", "user": 1, "content_type": 16, "object_id": "2", "object_repr": "Nice Product (4.0 stars)", "action_flag": 2, "change_message": "[{\"changed\": {\"fields\": [\"Rating\"]}}]"}}, {"model": "admin.logentry", "pk": 176, "fields": {"action_time": "2021-07-24T13:19:40.196Z", "user": 1, "content_type": 16, "object_id": "3", "object_repr": "Best Product (4.0 stars)", "action_flag": 2, "change_message": "[{\"changed\": {\"fields\": [\"Rating\"]}}]"}}, {"model": "admin.logentry", "pk": 177, "fields": {"action_time": "2021-07-24T13:19:50.776Z", "user": 1, "content_type": 16, "object_id": "2", "object_repr": "Nice Product (3.5 stars)", "action_flag": 2, "change_message": "[{\"changed\": {\"fields\": [\"Rating\"]}}]"}}, {"model": "admin.logentry", "pk": 178, "fields": {"action_time": "2021-07-24T14:36:27.753Z", "user": 1, "content_type": 17, "object_id": "1", "object_repr": "<bound method Account.full_name of <Account: shreyadkapadia10@gmail.com - Shreya Kapadia>>", "action_flag": 1, "change_message": "[{\"added\": {}}]"}}, {"model": "admin.logentry", "pk": 179, "fields": {"action_time": "2021-07-26T10:13:56.312Z", "user": 1, "content_type": 2, "object_id": "15", "object_repr": "shreyakapadia8@gmail.com - Shreya Kapadia", "action_flag": 3, "change_message": ""}}, {"model": "admin.logentry", "pk": 180, "fields": {"action_time": "2021-07-26T10:13:56.475Z", "user": 1, "content_type": 2, "object_id": "10", "object_repr": "shreyaprogrammer123@gmail.com - Shreya Kapadia", "action_flag": 3, "change_message": ""}}, {"model": "admin.logentry", "pk": 181, "fields": {"action_time": "2021-07-26T10:13:56.560Z", "user": 1, "content_type": 2, "object_id": "9", "object_repr": "shreyaprogrammer0@gmail.com - Shreya Kapadia", "action_flag": 3, "change_message": ""}}, {"model": "admin.logentry", "pk": 182, "fields": {"action_time": "2021-07-26T10:13:56.645Z", "user": 1, "content_type": 2, "object_id": "8", "object_repr": "shreyaprogrammer12@gmail.com - Shreya Kapadia", "action_flag": 3, "change_message": ""}}, {"model": "admin.logentry", "pk": 183, "fields": {"action_time": "2021-07-26T10:13:56.752Z", "user": 1, "content_type": 2, "object_id": "3", "object_repr": "shreyaprogrammer1@gmail.com - Shreya Kapadia", "action_flag": 3, "change_message": ""}}, {"model": "admin.logentry", "pk": 184, "fields": {"action_time": "2021-07-27T07:06:47.072Z", "user": 1, "content_type": 9, "object_id": "1", "object_repr": "ATX Jeans (Jeans)", "action_flag": 2, "change_message": "[{\"added\": {\"name\": \"productgallery\", \"object\": \"ATX Jeans\"}}]"}}, {"model": "admin.logentry", "pk": 185, "fields": {"action_time": "2021-07-27T07:07:14.341Z", "user": 1, "content_type": 9, "object_id": "1", "object_repr": "ATX Jeans (Jeans)", "action_flag": 2, "change_message": "[{\"added\": {\"name\": \"productgallery\", \"object\": \"ATX Jeans\"}}, {\"added\": {\"name\": \"productgallery\", \"object\": \"ATX Jeans\"}}]"}}, {"model": "admin.logentry", "pk": 186, "fields": {"action_time": "2021-07-29T06:22:33.085Z", "user": 1, "content_type": 16, "object_id": "4", "object_repr": "Best Product (5.0 stars)", "action_flag": 1, "change_message": "[{\"added\": {}}]"}}, {"model": "auth.permission", "pk": 1, "fields": {"name": "Can add category", "content_type": 1, "codename": "add_category"}}, {"model": "auth.permission", "pk": 2, "fields": {"name": "Can change category", "content_type": 1, "codename": "change_category"}}, {"model": "auth.permission", "pk": 3, "fields": {"name": "Can delete category", "content_type": 1, "codename": "delete_category"}}, {"model": "auth.permission", "pk": 4, "fields": {"name": "Can view category", "content_type": 1, "codename": "view_category"}}, {"model": "auth.permission", "pk": 5, "fields": {"name": "Can add account", "content_type": 2, "codename": "add_account"}}, {"model": "auth.permission", "pk": 6, "fields": {"name": "Can change account", "content_type": 2, "codename": "change_account"}}, {"model": "auth.permission", "pk": 7, "fields": {"name": "Can delete account", "content_type": 2, "codename": "delete_account"}}, {"model": "auth.permission", "pk": 8, "fields": {"name": "Can view account", "content_type": 2, "codename": "view_account"}}, {"model": "auth.permission", "pk": 9, "fields": {"name": "Can add log entry", "content_type": 3, "codename": "add_logentry"}}, {"model": "auth.permission", "pk": 10, "fields": {"name": "Can change log entry", "content_type": 3, "codename": "change_logentry"}}, {"model": "auth.permission", "pk": 11, "fields": {"name": "Can delete log entry", "content_type": 3, "codename": "delete_logentry"}}, {"model": "auth.permission", "pk": 12, "fields": {"name": "Can view log entry", "content_type": 3, "codename": "view_logentry"}}, {"model": "auth.permission", "pk": 13, "fields": {"name": "Can add permission", "content_type": 4, "codename": "add_permission"}}, {"model": "auth.permission", "pk": 14, "fields": {"name": "Can change permission", "content_type": 4, "codename": "change_permission"}}, {"model": "auth.permission", "pk": 15, "fields": {"name": "Can delete permission", "content_type": 4, "codename": "delete_permission"}}, {"model": "auth.permission", "pk": 16, "fields": {"name": "Can view permission", "content_type": 4, "codename": "view_permission"}}, {"model": "auth.permission", "pk": 17, "fields": {"name": "Can add group", "content_type": 5, "codename": "add_group"}}, {"model": "auth.permission", "pk": 18, "fields": {"name": "Can change group", "content_type": 5, "codename": "change_group"}}, {"model": "auth.permission", "pk": 19, "fields": {"name": "Can delete group", "content_type": 5, "codename": "delete_group"}}, {"model": "auth.permission", "pk": 20, "fields": {"name": "Can view group", "content_type": 5, "codename": "view_group"}}, {"model": "auth.permission", "pk": 21, "fields": {"name": "Can add content type", "content_type": 6, "codename": "add_contenttype"}}, {"model": "auth.permission", "pk": 22, "fields": {"name": "Can change content type", "content_type": 6, "codename": "change_contenttype"}}, {"model": "auth.permission", "pk": 23, "fields": {"name": "Can delete content type", "content_type": 6, "codename": "delete_contenttype"}}, {"model": "auth.permission", "pk": 24, "fields": {"name": "Can view content type", "content_type": 6, "codename": "view_contenttype"}}, {"model": "auth.permission", "pk": 25, "fields": {"name": "Can add session", "content_type": 7, "codename": "add_session"}}, {"model": "auth.permission", "pk": 26, "fields": {"name": "Can change session", "content_type": 7, "codename": "change_session"}}, {"model": "auth.permission", "pk": 27, "fields": {"name": "Can delete session", "content_type": 7, "codename": "delete_session"}}, {"model": "auth.permission", "pk": 28, "fields": {"name": "Can view session", "content_type": 7, "codename": "view_session"}}, {"model": "auth.permission", "pk": 29, "fields": {"name": "Can add product", "content_type": 8, "codename": "add_product"}}, {"model": "auth.permission", "pk": 30, "fields": {"name": "Can change product", "content_type": 8, "codename": "change_product"}}, {"model": "auth.permission", "pk": 31, "fields": {"name": "Can delete product", "content_type": 8, "codename": "delete_product"}}, {"model": "auth.permission", "pk": 32, "fields": {"name": "Can view product", "content_type": 8, "codename": "view_product"}}, {"model": "auth.permission", "pk": 33, "fields": {"name": "Can add product", "content_type": 9, "codename": "add_product"}}, {"model": "auth.permission", "pk": 34, "fields": {"name": "Can change product", "content_type": 9, "codename": "change_product"}}, {"model": "auth.permission", "pk": 35, "fields": {"name": "Can delete product", "content_type": 9, "codename": "delete_product"}}, {"model": "auth.permission", "pk": 36, "fields": {"name": "Can view product", "content_type": 9, "codename": "view_product"}}, {"model": "auth.permission", "pk": 37, "fields": {"name": "Can add cart item", "content_type": 10, "codename": "add_cartitem"}}, {"model": "auth.permission", "pk": 38, "fields": {"name": "Can change cart item", "content_type": 10, "codename": "change_cartitem"}}, {"model": "auth.permission", "pk": 39, "fields": {"name": "Can delete cart item", "content_type": 10, "codename": "delete_cartitem"}}, {"model": "auth.permission", "pk": 40, "fields": {"name": "Can view cart item", "content_type": 10, "codename": "view_cartitem"}}, {"model": "auth.permission", "pk": 41, "fields": {"name": "Can add cart", "content_type": 11, "codename": "add_cart"}}, {"model": "auth.permission", "pk": 42, "fields": {"name": "Can change cart", "content_type": 11, "codename": "change_cart"}}, {"model": "auth.permission", "pk": 43, "fields": {"name": "Can delete cart", "content_type": 11, "codename": "delete_cart"}}, {"model": "auth.permission", "pk": 44, "fields": {"name": "Can view cart", "content_type": 11, "codename": "view_cart"}}, {"model": "auth.permission", "pk": 45, "fields": {"name": "Can add variation", "content_type": 12, "codename": "add_variation"}}, {"model": "auth.permission", "pk": 46, "fields": {"name": "Can change variation", "content_type": 12, "codename": "change_variation"}}, {"model": "auth.permission", "pk": 47, "fields": {"name": "Can delete variation", "content_type": 12, "codename": "delete_variation"}}, {"model": "auth.permission", "pk": 48, "fields": {"name": "Can view variation", "content_type": 12, "codename": "view_variation"}}, {"model": "auth.permission", "pk": 49, "fields": {"name": "Can add order product", "content_type": 13, "codename": "add_orderproduct"}}, {"model": "auth.permission", "pk": 50, "fields": {"name": "Can change order product", "content_type": 13, "codename": "change_orderproduct"}}, {"model": "auth.permission", "pk": 51, "fields": {"name": "Can delete order product", "content_type": 13, "codename": "delete_orderproduct"}}, {"model": "auth.permission", "pk": 52, "fields": {"name": "Can view order product", "content_type": 13, "codename": "view_orderproduct"}}, {"model": "auth.permission", "pk": 53, "fields": {"name": "Can add payment", "content_type": 14, "codename": "add_payment"}}, {"model": "auth.permission", "pk": 54, "fields": {"name": "Can change payment", "content_type": 14, "codename": "change_payment"}}, {"model": "auth.permission", "pk": 55, "fields": {"name": "Can delete payment", "content_type": 14, "codename": "delete_payment"}}, {"model": "auth.permission", "pk": 56, "fields": {"name": "Can view payment", "content_type": 14, "codename": "view_payment"}}, {"model": "auth.permission", "pk": 57, "fields": {"name": "Can add order", "content_type": 15, "codename": "add_order"}}, {"model": "auth.permission", "pk": 58, "fields": {"name": "Can change order", "content_type": 15, "codename": "change_order"}}, {"model": "auth.permission", "pk": 59, "fields": {"name": "Can delete order", "content_type": 15, "codename": "delete_order"}}, {"model": "auth.permission", "pk": 60, "fields": {"name": "Can view order", "content_type": 15, "codename": "view_order"}}, {"model": "auth.permission", "pk": 61, "fields": {"name": "Can add review rating", "content_type": 16, "codename": "add_reviewrating"}}, {"model": "auth.permission", "pk": 62, "fields": {"name": "Can change review rating", "content_type": 16, "codename": "change_reviewrating"}}, {"model": "auth.permission", "pk": 63, "fields": {"name": "Can delete review rating", "content_type": 16, "codename": "delete_reviewrating"}}, {"model": "auth.permission", "pk": 64, "fields": {"name": "Can view review rating", "content_type": 16, "codename": "view_reviewrating"}}, {"model": "auth.permission", "pk": 65, "fields": {"name": "Can add user profile", "content_type": 17, "codename": "add_userprofile"}}, {"model": "auth.permission", "pk": 66, "fields": {"name": "Can change user profile", "content_type": 17, "codename": "change_userprofile"}}, {"model": "auth.permission", "pk": 67, "fields": {"name": "Can delete user profile", "content_type": 17, "codename": "delete_userprofile"}}, {"model": "auth.permission", "pk": 68, "fields": {"name": "Can view user profile", "content_type": 17, "codename": "view_userprofile"}}, {"model": "auth.permission", "pk": 69, "fields": {"name": "Can add product gallery", "content_type": 18, "codename": "add_productgallery"}}, {"model": "auth.permission", "pk": 70, "fields": {"name": "Can change product gallery", "content_type": 18, "codename": "change_productgallery"}}, {"model": "auth.permission", "pk": 71, "fields": {"name": "Can delete product gallery", "content_type": 18, "codename": "delete_productgallery"}}, {"model": "auth.permission", "pk": 72, "fields": {"name": "Can view product gallery", "content_type": 18, "codename": "view_productgallery"}}, {"model": "auth.permission", "pk": 73, "fields": {"name": "Can add login attempt", "content_type": 19, "codename": "add_loginattempt"}}, {"model": "auth.permission", "pk": 74, "fields": {"name": "Can change login attempt", "content_type": 19, "codename": "change_loginattempt"}}, {"model": "auth.permission", "pk": 75, "fields": {"name": "Can delete login attempt", "content_type": 19, "codename": "delete_loginattempt"}}, {"model": "auth.permission", "pk": 76, "fields": {"name": "Can view login attempt", "content_type": 19, "codename": "view_loginattempt"}}, {"model": "contenttypes.contenttype", "pk": 1, "fields": {"app_label": "category", "model": "category"}}, {"model": "contenttypes.contenttype", "pk": 2, "fields": {"app_label": "accounts", "model": "account"}}, {"model": "contenttypes.contenttype", "pk": 3, "fields": {"app_label": "admin", "model": "logentry"}}, {"model": "contenttypes.contenttype", "pk": 4, "fields": {"app_label": "auth", "model": "permission"}}, {"model": "contenttypes.contenttype", "pk": 5, "fields": {"app_label": "auth", "model": "group"}}, {"model": "contenttypes.contenttype", "pk": 6, "fields": {"app_label": "contenttypes", "model": "contenttype"}}, {"model": "contenttypes.contenttype", "pk": 7, "fields": {"app_label": "sessions", "model": "session"}}, {"model": "contenttypes.contenttype", "pk": 8, "fields": {"app_label": "product", "model": "product"}}, {"model": "contenttypes.contenttype", "pk": 9, "fields": {"app_label": "store", "model": "product"}}, {"model": "contenttypes.contenttype", "pk": 10, "fields": {"app_label": "cart", "model": "cartitem"}}, {"model": "contenttypes.contenttype", "pk": 11, "fields": {"app_label": "cart", "model": "cart"}}, {"model": "contenttypes.contenttype", "pk": 12, "fields": {"app_label": "store", "model": "variation"}}, {"model": "contenttypes.contenttype", "pk": 13, "fields": {"app_label": "orders", "model": "orderproduct"}}, {"model": "contenttypes.contenttype", "pk": 14, "fields": {"app_label": "orders", "model": "payment"}}, {"model": "contenttypes.contenttype", "pk": 15, "fields": {"app_label": "orders", "model": "order"}}, {"model": "contenttypes.contenttype", "pk": 16, "fields": {"app_label": "store", "model": "reviewrating"}}, {"model": "contenttypes.contenttype", "pk": 17, "fields": {"app_label": "accounts", "model": "userprofile"}}, {"model": "contenttypes.contenttype", "pk": 18, "fields": {"app_label": "store", "model": "productgallery"}}, {"model": "contenttypes.contenttype", "pk": 19, "fields": {"app_label": "admin_honeypot", "model": "loginattempt"}}, {"model": "sessions.session", "pk": "1394y12fo7u2sgjhu0ocspnp61on1gci", "fields": {"session_data": ".eJxVjDEOwjAMRe-SGUXErWKHkZ0zRLYTSAGlUtNOFXenlTrA-t97fzWRl7nEpeUpDslcjDOn301YX7nuID25PkarY52nQeyu2IM2extTfl8P9--gcCtbLeyRKBAwAKAXwQQJ9ax4hyAZGcFt3AfH1JNXDQl6UKaOsPOUzecL0Vc3Og:1lywz6:R1h-mYJBEU3n1GcsmsJkgKOvj3bScYdl77mNOGkafCY", "expire_date": "2021-07-15T13:44:04.735Z"}}, {"model": "sessions.session", "pk": "6vgu1hu2197eypdek5m5qt8t6rxcwh77", "fields": {"session_data": ".eJxVjDEOwjAMRe-SGUXErWKHkZ0zRLYTSAGlUtNOFXenlTrA-t97fzWRl7nEpeUpDslcjDOn301YX7nuID25PkarY52nQeyu2IM2extTfl8P9--gcCtbLeyRKBAwAKAXwQQJ9ax4hyAZGcFt3AfH1JNXDQl6UKaOsPOUzecL0Vc3Og:1lybMW:b7Lj13SYLD743TDF4mfFrVPsCtbSFtx4l4zxzi7gKB8", "expire_date": "2021-07-14T14:38:48.512Z"}}, {"model": "sessions.session", "pk": "ahqo3b41qb5lvncejwl0b6lqfjuxczw5", "fields": {"session_data": ".eJxVjEEOgjAQRe_StWmmUyitS_ecoZnOjIIaSCisjHdXEha6_e-9_zKZtnXIW9Ulj2LOxpnT71aIHzrtQO403WbL87QuY7G7Yg9abT-LPi-H-3cwUB2-dZAEAI12CJ6AQZARW38tPjXRS0fRBUxRXce-YY6MjltFVRAK0YF5fwC83zcn:1m7xcA:CR_C5U_216-XVskOJPdjuY9uQtH-AOuTs-imMpZbR3M", "expire_date": "2021-08-09T10:13:38.627Z"}}, {"model": "sessions.session", "pk": "bbrboifn16b39be9ejr20fzhjlv991k9", "fields": {"session_data": ".eJxVjDEOwjAMRe-SGUXErWKHkZ0zRLYTSAGlUtNOFXenlTrA-t97fzWRl7nEpeUpDslcjDOn301YX7nuID25PkarY52nQeyu2IM2extTfl8P9--gcCtbLeyRKBAwAKAXwQQJ9ax4hyAZGcFt3AfH1JNXDQl6UKaOsPOUzecL0Vc3Og:1lzFAS:64xOQpedsyQdpXYhv_4oZrgEDEN3NPJdyxozgW5YkZc", "expire_date": "2021-07-16T09:09:00.313Z"}}, {"model": "sessions.session", "pk": "d7y8whwzj2ozflyqqx8249rew8eel784", "fields": {"session_data": ".eJxVjEEOgjAQRe_StWmmUyitS_ecoZnOjIIaSCisjHdXEha6_e-9_zKZtnXIW9Ulj2LOxpnT71aIHzrtQO403WbL87QuY7G7Yg9abT-LPi-H-3cwUB2-dZAEAI12CJ6AQZARW38tPjXRS0fRBUxRXce-YY6MjltFVRAK0YF5fwC83zcn:1m8H1k:H-G_-zw8vuQ3R4XAKlMMKUmX2Q21Byr4zRD7kJFqtsc", "expire_date": "2021-08-10T06:57:20.681Z"}}, {"model": "sessions.session", "pk": "dknzpgbqmy3rrs5ulcw4k4b4dmd8lry7", "fields": {"session_data": ".eJxVjEEOgjAQRe_StWmmUyitS_ecoZnOjIIaSCisjHdXEha6_e-9_zKZtnXIW9Ulj2LOxpnT71aIHzrtQO403WbL87QuY7G7Yg9abT-LPi-H-3cwUB2-dZAEAI12CJ6AQZARW38tPjXRS0fRBUxRXce-YY6MjltFVRAK0YF5fwC83zcn:1m7HY1:VZ2in6wHg1MrADnnNgiFj3Io6Sa9CDvg3e8YNlu-E84", "expire_date": "2021-08-07T13:18:33.539Z"}}, {"model": "sessions.session", "pk": "eobdvdg97m10cw5royws5ocpmkvqpvxo", "fields": {"session_data": ".eJxVjEEOgjAQRe_StWmmUyitS_ecoZnOjIIaSCisjHdXEha6_e-9_zKZtnXIW9Ulj2LOxpnT71aIHzrtQO403WbL87QuY7G7Yg9abT-LPi-H-3cwUB2-dZAEAI12CJ6AQZARW38tPjXRS0fRBUxRXce-YY6MjltFVRAK0YF5fwC83zcn:1lzJEk:bkqUc0r3AgpOlEAQ2wYwoyyeB7rtbeh4MZpK05Y-TPg", "expire_date": "2021-07-16T13:29:42.298Z"}}, {"model": "sessions.session", "pk": "gjwj1eg6rzgut7wpxo1cqnudej4nbnh3", "fields": {"session_data": ".eJxVjEEOgjAQRe_StWmmUyitS_ecoZnOjIIaSCisjHdXEha6_e-9_zKZtnXIW9Ulj2LOxpnT71aIHzrtQO403WbL87QuY7G7Yg9abT-LPi-H-3cwUB2-dZAEAI12CJ6AQZARW38tPjXRS0fRBUxRXce-YY6MjltFVRAK0YF5fwC83zcn:1m8zQF:MNxDZbL5AKT83Csj_G9Ugm4n3HKwqFy1_AO_Cy4Ua20", "expire_date": "2021-08-12T06:21:35.545Z"}}, {"model": "sessions.session", "pk": "lflzm34xyvscnekwadoupe9n9icicn6y", "fields": {"session_data": ".eJxVjEEOgjAQRe_StWmmUyitS_ecoZnOjIIaSCisjHdXEha6_e-9_zKZtnXIW9Ulj2LOxpnT71aIHzrtQO403WbL87QuY7G7Yg9abT-LPi-H-3cwUB2-dZAEAI12CJ6AQZARW38tPjXRS0fRBUxRXce-YY6MjltFVRAK0YF5fwC83zcn:1m6Z9c:ZNE-ao8qHXkBEFIdb9kGXDcOmtKzNobv7lexndFaFOE", "expire_date": "2021-08-05T13:54:24.596Z"}}, {"model": "sessions.session", "pk": "p70x3kxonmou3krsvwtayrljpjvz5bes", "fields": {"session_data": ".eJxVjEEOgjAQRe_StWmmUyitS_ecoZnOjIIaSCisjHdXEha6_e-9_zKZtnXIW9Ulj2LOxpnT71aIHzrtQO403WbL87QuY7G7Yg9abT-LPi-H-3cwUB2-dZAEAI12CJ6AQZARW38tPjXRS0fRBUxRXce-YY6MjltFVRAK0YF5fwC83zcn:1m68q7:heE3AIIxseUj-Tj9Y0hoBvJrshjZvyV-GkGjZak-n5s", "expire_date": "2021-08-04T09:48:31.082Z"}}, {"model": "sessions.session", "pk": "pjvd0gor7y3kv43gz4yengj211hz1j28", "fields": {"session_data": ".eJxVjEEOgjAQRe_StWmmUyitS_ecoZnOjIIaSCisjHdXEha6_e-9_zKZtnXIW9Ulj2LOxpnT71aIHzrtQO403WbL87QuY7G7Yg9abT-LPi-H-3cwUB2-dZAEAI12CJ6AQZARW38tPjXRS0fRBUxRXce-YY6MjltFVRAK0YF5fwC83zcn:1m5qEN:-L9JWPs2ApYXWQ3Or0OV_Way3nhSAiiaD7TrWIannak", "expire_date": "2021-08-03T13:56:19.380Z"}}, {"model": "sessions.session", "pk": "rc0bpae07rvnd8vogneda66k1sjvmbkw", "fields": {"session_data": ".eJxVjEEOgjAQRe_StWmmUyitS_ecoZnOjIIaSCisjHdXEha6_e-9_zKZtnXIW9Ulj2LOxpnT71aIHzrtQO403WbL87QuY7G7Yg9abT-LPi-H-3cwUB2-dZAEAI12CJ6AQZARW38tPjXRS0fRBUxRXce-YY6MjltFVRAK0YF5fwC83zcn:1m6WU7:BuBD6s-Z7xIyXMG_2_ZXPEA6GmmH4QJWfU9qNgxU0cs", "expire_date": "2021-08-05T11:03:23.943Z"}}, {"model": "sessions.session", "pk": "tugwnzaoxd6kpcxnim2yqce5xcl3ul54", "fields": {"session_data": ".eJxVjEEOgjAQRe_StWmmUyitS_ecoZnOjIIaSCisjHdXEha6_e-9_zKZtnXIW9Ulj2LOxpnT71aIHzrtQO403WbL87QuY7G7Yg9abT-LPi-H-3cwUB2-dZAEAI12CJ6AQZARW38tPjXRS0fRBUxRXce-YY6MjltFVRAK0YF5fwC83zcn:1m5NXT:z7WfME6TnQB7PWsgtLgu-Vqv1hJzhdjH0oSabvXSsjk", "expire_date": "2021-08-02T07:18:07.819Z"}}, {"model": "sessions.session", "pk": "ugjur2e6ocapg9jncd6eptzb0i4qt0hb", "fields": {"session_data": ".eJxVjEEOgjAQRe_StWmmUyitS_ecoZnOjIIaSCisjHdXEha6_e-9_zKZtnXIW9Ulj2LOxpnT71aIHzrtQO403WbL87QuY7G7Yg9abT-LPi-H-3cwUB2-dZAEAI12CJ6AQZARW38tPjXRS0fRBUxRXce-YY6MjltFVRAK0YF5fwC83zcn:1m3weF:krTTJAqeqoDwllJbcDseBTdW3_L00XqfGJ2HoQJncoM", "expire_date": "2021-07-29T08:23:11.643Z"}}, {"model": "sessions.session", "pk": "wr4elfzo8837wgosod05e9sge5kspp2t", "fields": {"session_data": "e30:1m8zS1:Sd58ra_QJ0T-6wGP2c0wfPpVKstI6iGHuEcpjGBraEI", "expire_date": "2021-08-12T06:23:25.393Z"}}, {"model": "sessions.session", "pk": "yc3zrxwa8u8i83dmnqpq9o22vug2v8jp", "fields": {"session_data": ".eJxVjEEOgjAQRe_StWmmUyitS_ecoZnOjIIaSCisjHdXEha6_e-9_zKZtnXIW9Ulj2LOxpnT71aIHzrtQO403WbL87QuY7G7Yg9abT-LPi-H-3cwUB2-dZAEAI12CJ6AQZARW38tPjXRS0fRBUxRXce-YY6MjltFVRAK0YF5fwC83zcn:1m3y2S:NrdWqr6moGMjchg1sVSO57WXCggoqV0ez6wYadSf2hw", "expire_date": "2021-07-29T09:52:16.402Z"}}]
